entity_en,_id,time,title,desc,source
广安,1,2020-01-23 10:20:00,四川新增3例输入性新型肺炎病例 累计确诊8例,截止1月23日8时，四川省累计报告新型冠状病毒感染的肺炎确诊病例8例（其中成都4例、绵阳2例、广安1例、达州1例），疑似病例4 例（其中成都2例，遂宁1例，广安1例），以上12人均在定点医疗机构接受诊治，病情稳定。,四川省卫健委
成都,1,2020-01-23 10:20:00,四川新增3例输入性新型肺炎病例 累计确诊8例,截止1月23日8时，四川省累计报告新型冠状病毒感染的肺炎确诊病例8例（其中成都4例、绵阳2例、广安1例、达州1例），疑似病例4 例（其中成都2例，遂宁1例，广安1例），以上12人均在定点医疗机构接受诊治，病情稳定。,四川省卫健委
疑似病例,1,2020-01-23 10:20:00,四川新增3例输入性新型肺炎病例 累计确诊8例,截止1月23日8时，四川省累计报告新型冠状病毒感染的肺炎确诊病例8例（其中成都4例、绵阳2例、广安1例、达州1例），疑似病例4 例（其中成都2例，遂宁1例，广安1例），以上12人均在定点医疗机构接受诊治，病情稳定。,四川省卫健委
确诊,2,2020-01-23 10:14:00,山东新增4例新型冠状病毒肺炎确诊病例,1月22日0-24时，山东省报告新型冠状病毒感染的肺炎新增确诊病例4例。其中：临沂市首次报告2例确诊病例，青岛市新增2例确诊病例。截至1月22日24时，山东省累计报告新型冠状病毒感染的肺炎确诊病例6例。,健康山东
病例,2,2020-01-23 10:14:00,山东新增4例新型冠状病毒肺炎确诊病例,1月22日0-24时，山东省报告新型冠状病毒感染的肺炎新增确诊病例4例。其中：临沂市首次报告2例确诊病例，青岛市新增2例确诊病例。截至1月22日24时，山东省累计报告新型冠状病毒感染的肺炎确诊病例6例。,健康山东
冠状病毒,2,2020-01-23 10:14:00,山东新增4例新型冠状病毒肺炎确诊病例,1月22日0-24时，山东省报告新型冠状病毒感染的肺炎新增确诊病例4例。其中：临沂市首次报告2例确诊病例，青岛市新增2例确诊病例。截至1月22日24时，山东省累计报告新型冠状病毒感染的肺炎确诊病例6例。,健康山东
澳门,3,2020-01-23 10:05:00,澳门确诊第二例新型冠状病毒病例 患者为武汉游客,澳门卫生局表示，澳门确诊第二例新型冠状病毒病例，患者66岁，男性，武汉游客，22日下午入境时被检测出有发热，随即送往医院检查并确诊。,海外网
确诊,3,2020-01-23 10:05:00,澳门确诊第二例新型冠状病毒病例 患者为武汉游客,澳门卫生局表示，澳门确诊第二例新型冠状病毒病例，患者66岁，男性，武汉游客，22日下午入境时被检测出有发热，随即送往医院检查并确诊。,海外网
冠状病毒,3,2020-01-23 10:05:00,澳门确诊第二例新型冠状病毒病例 患者为武汉游客,澳门卫生局表示，澳门确诊第二例新型冠状病毒病例，患者66岁，男性，武汉游客，22日下午入境时被检测出有发热，随即送往医院检查并确诊。,海外网
牡丹江市,4,2020-01-23 09:12:00,黑龙江确诊首例输入性新型冠状病毒感染病例,23日，黑龙江确诊首例输入性新型冠状病毒感染病例，患者为男性，69岁，牡丹江市人。1月12日从武汉市返回牡丹江市后，因发热、咳嗽咳痰、周身乏力于牡丹江市第二医院隔离治疗。,央视新闻
冠状病毒,4,2020-01-23 09:12:00,黑龙江确诊首例输入性新型冠状病毒感染病例,23日，黑龙江确诊首例输入性新型冠状病毒感染病例，患者为男性，69岁，牡丹江市人。1月12日从武汉市返回牡丹江市后，因发热、咳嗽咳痰、周身乏力于牡丹江市第二医院隔离治疗。,央视新闻
23,4,2020-01-23 09:12:00,黑龙江确诊首例输入性新型冠状病毒感染病例,23日，黑龙江确诊首例输入性新型冠状病毒感染病例，患者为男性，69岁，牡丹江市人。1月12日从武汉市返回牡丹江市后，因发热、咳嗽咳痰、周身乏力于牡丹江市第二医院隔离治疗。,央视新闻
冠状病毒,5,2020-01-23 08:54:00,上海新增7例新型冠状病毒感染的肺炎确诊病例,上海市卫健委23日通报：1月22日0时—24时，本市新增7例新型冠状病毒感染的肺炎确诊病例，均已在定点医院接受隔离治疗。患者中男性4例、女性3例，均有武汉流行病学关联。,央视新闻
卫健委,5,2020-01-23 08:54:00,上海新增7例新型冠状病毒感染的肺炎确诊病例,上海市卫健委23日通报：1月22日0时—24时，本市新增7例新型冠状病毒感染的肺炎确诊病例，均已在定点医院接受隔离治疗。患者中男性4例、女性3例，均有武汉流行病学关联。,央视新闻
23,5,2020-01-23 08:54:00,上海新增7例新型冠状病毒感染的肺炎确诊病例,上海市卫健委23日通报：1月22日0时—24时，本市新增7例新型冠状病毒感染的肺炎确诊病例，均已在定点医院接受隔离治疗。患者中男性4例、女性3例，均有武汉流行病学关联。,央视新闻
武汉,6,2020-01-23 02:30:00,武汉全市交通停运,自1月23日10时起，武汉全市城市公交、地铁、轮渡、长途客运暂停运营；无特殊原因，市民不要离开武汉，武汉离汉通道暂时关闭。,央视新闻
23,6,2020-01-23 02:30:00,武汉全市交通停运,自1月23日10时起，武汉全市城市公交、地铁、轮渡、长途客运暂停运营；无特殊原因，市民不要离开武汉，武汉离汉通道暂时关闭。,央视新闻
10,6,2020-01-23 02:30:00,武汉全市交通停运,自1月23日10时起，武汉全市城市公交、地铁、轮渡、长途客运暂停运营；无特殊原因，市民不要离开武汉，武汉离汉通道暂时关闭。,央视新闻
病例,7,2020-01-23 01:23:00,广西新增3例新型冠状病毒感染的肺炎确诊病例 均有武汉居住史,截至今天凌晨1时，广西新增新型冠状病毒感染的肺炎确诊病例3例。其中北海2例，柳州1例。目前广西共确诊5例新型肺炎病例，均有武汉居住史、工作史或武汉病例接触史。,央视新闻
肺炎,7,2020-01-23 01:23:00,广西新增3例新型冠状病毒感染的肺炎确诊病例 均有武汉居住史,截至今天凌晨1时，广西新增新型冠状病毒感染的肺炎确诊病例3例。其中北海2例，柳州1例。目前广西共确诊5例新型肺炎病例，均有武汉居住史、工作史或武汉病例接触史。,央视新闻
确诊,7,2020-01-23 01:23:00,广西新增3例新型冠状病毒感染的肺炎确诊病例 均有武汉居住史,截至今天凌晨1时，广西新增新型冠状病毒感染的肺炎确诊病例3例。其中北海2例，柳州1例。目前广西共确诊5例新型肺炎病例，均有武汉居住史、工作史或武汉病例接触史。,央视新闻
牡丹江市,8,2020-01-23 00:50:00,黑龙江牡丹江确诊1例输入型新型冠状病毒感染患者,国家卫生健康委确认黑龙江省首例输入性新型冠状病毒感染的肺炎确诊病例。患者为男性，69岁，牡丹江市人。1月12日从武汉市返回牡丹江市后，因发热、咳嗽咳痰、周身乏力于牡丹江市第二医院隔离治疗。,牡丹江卫健委
冠状病毒,8,2020-01-23 00:50:00,黑龙江牡丹江确诊1例输入型新型冠状病毒感染患者,国家卫生健康委确认黑龙江省首例输入性新型冠状病毒感染的肺炎确诊病例。患者为男性，69岁，牡丹江市人。1月12日从武汉市返回牡丹江市后，因发热、咳嗽咳痰、周身乏力于牡丹江市第二医院隔离治疗。,牡丹江卫健委
69,8,2020-01-23 00:50:00,黑龙江牡丹江确诊1例输入型新型冠状病毒感染患者,国家卫生健康委确认黑龙江省首例输入性新型冠状病毒感染的肺炎确诊病例。患者为男性，69岁，牡丹江市人。1月12日从武汉市返回牡丹江市后，因发热、咳嗽咳痰、周身乏力于牡丹江市第二医院隔离治疗。,牡丹江卫健委
昌平区,9,2020-01-22 23:42:00,北京市共确诊14例新型冠状病毒感染的肺炎病例,截至1月22日18时，北京市共确诊14例新型冠状病毒感染的肺炎病例，其中西城区2例、朝阳区1例、海淀区2例、丰台区1例、石景山区1例、通州区1例、大兴区2例、昌平区2例，武汉来京人员2例。,北京市卫健委
冠状病毒,9,2020-01-22 23:42:00,北京市共确诊14例新型冠状病毒感染的肺炎病例,截至1月22日18时，北京市共确诊14例新型冠状病毒感染的肺炎病例，其中西城区2例、朝阳区1例、海淀区2例、丰台区1例、石景山区1例、通州区1例、大兴区2例、昌平区2例，武汉来京人员2例。,北京市卫健委
大兴区,9,2020-01-22 23:42:00,北京市共确诊14例新型冠状病毒感染的肺炎病例,截至1月22日18时，北京市共确诊14例新型冠状病毒感染的肺炎病例，其中西城区2例、朝阳区1例、海淀区2例、丰台区1例、石景山区1例、通州区1例、大兴区2例、昌平区2例，武汉来京人员2例。,北京市卫健委
冠状病毒,10,2020-01-22 23:00:00,国家卫健委确认苏州一例新型冠状病毒感染的肺炎确诊病例,1月22日，国家卫生健康委确认苏州一例新型冠状病毒感染的肺炎确诊病例。,央视新闻
22,10,2020-01-22 23:00:00,国家卫健委确认苏州一例新型冠状病毒感染的肺炎确诊病例,1月22日，国家卫生健康委确认苏州一例新型冠状病毒感染的肺炎确诊病例。,央视新闻
一例,10,2020-01-22 23:00:00,国家卫健委确认苏州一例新型冠状病毒感染的肺炎确诊病例,1月22日，国家卫生健康委确认苏州一例新型冠状病毒感染的肺炎确诊病例。,央视新闻
冠状病毒,11,2020-01-22 22:51:00,国家卫健委确认河北省首例新型冠状病毒感染的肺炎确诊病例,国家卫生健康委确认河北省首例新型冠状病毒感染的肺炎确诊病例。,央视新闻
首例,11,2020-01-22 22:51:00,国家卫健委确认河北省首例新型冠状病毒感染的肺炎确诊病例,国家卫生健康委确认河北省首例新型冠状病毒感染的肺炎确诊病例。,央视新闻
肺炎,11,2020-01-22 22:51:00,国家卫健委确认河北省首例新型冠状病毒感染的肺炎确诊病例,国家卫生健康委确认河北省首例新型冠状病毒感染的肺炎确诊病例。,央视新闻
病例,12,2020-01-22 19:18:00,广西确诊2例新型冠状病毒感染的肺炎病例,广西确诊2例新型冠状病毒感染的肺炎病例，截至1月22日18时，我区累计报告新型冠状病毒感染的肺炎确诊病例2例，其中：北海市1例、梧州市1例；柳州市新增疑似病例1例。所有病例均有武汉工作史、居住史或武汉病例密切接触史。,人民日报
冠状病毒,12,2020-01-22 19:18:00,广西确诊2例新型冠状病毒感染的肺炎病例,广西确诊2例新型冠状病毒感染的肺炎病例，截至1月22日18时，我区累计报告新型冠状病毒感染的肺炎确诊病例2例，其中：北海市1例、梧州市1例；柳州市新增疑似病例1例。所有病例均有武汉工作史、居住史或武汉病例密切接触史。,人民日报
肺炎,12,2020-01-22 19:18:00,广西确诊2例新型冠状病毒感染的肺炎病例,广西确诊2例新型冠状病毒感染的肺炎病例，截至1月22日18时，我区累计报告新型冠状病毒感染的肺炎确诊病例2例，其中：北海市1例、梧州市1例；柳州市新增疑似病例1例。所有病例均有武汉工作史、居住史或武汉病例密切接触史。,人民日报
冠状病毒,13,2020-01-22 18:11:00,宁夏首例输入性新型冠状病毒感染的肺炎确诊,国家卫生健康委确认宁夏首例输入性新型冠状病毒感染的肺炎确诊病例,宁夏卫健委
首例,13,2020-01-22 18:11:00,宁夏首例输入性新型冠状病毒感染的肺炎确诊,国家卫生健康委确认宁夏首例输入性新型冠状病毒感染的肺炎确诊病例,宁夏卫健委
肺炎,13,2020-01-22 18:11:00,宁夏首例输入性新型冠状病毒感染的肺炎确诊,国家卫生健康委确认宁夏首例输入性新型冠状病毒感染的肺炎确诊病例,宁夏卫健委
冠状病毒,14,2020-01-22 17:42:00,,福建省确认首例输入性新型冠状病毒感染的肺炎确诊病例,福建省卫健委
首例,14,2020-01-22 17:42:00,,福建省确认首例输入性新型冠状病毒感染的肺炎确诊病例,福建省卫健委
肺炎,14,2020-01-22 17:42:00,,福建省确认首例输入性新型冠状病毒感染的肺炎确诊病例,福建省卫健委
疑似病例,15,2020-01-22 17:42:00,湖北荆州已发现新型冠状病毒感染的肺炎确诊病例6例,湖北荆州已发现新型冠状病毒感染的肺炎确诊病例6例，襄阳、宜昌、十堰、荆门、咸宁、鄂州、恩施、仙桃、天门、潜江等多地发现疑似病例。,财新网
冠状病毒,15,2020-01-22 17:42:00,湖北荆州已发现新型冠状病毒感染的肺炎确诊病例6例,湖北荆州已发现新型冠状病毒感染的肺炎确诊病例6例，襄阳、宜昌、十堰、荆门、咸宁、鄂州、恩施、仙桃、天门、潜江等多地发现疑似病例。,财新网
十堰,15,2020-01-22 17:42:00,湖北荆州已发现新型冠状病毒感染的肺炎确诊病例6例,湖北荆州已发现新型冠状病毒感染的肺炎确诊病例6例，襄阳、宜昌、十堰、荆门、咸宁、鄂州、恩施、仙桃、天门、潜江等多地发现疑似病例。,财新网
密切接触,16,2020-01-22 16:31:00,海南确诊4例新型肺炎病例 均为输入性病例,据消息，截至今天，海南省共确诊4例新型冠状病毒感染的肺炎病例，均为输入性病例。4例患者病情平稳，体温已恢复正常，正在定点医院隔离治疗，当地卫生健康部门已对其密切接触者进行追踪随访，密切接触者目前无发热等异常状况。,央视新闻微博
病例,16,2020-01-22 16:31:00,海南确诊4例新型肺炎病例 均为输入性病例,据消息，截至今天，海南省共确诊4例新型冠状病毒感染的肺炎病例，均为输入性病例。4例患者病情平稳，体温已恢复正常，正在定点医院隔离治疗，当地卫生健康部门已对其密切接触者进行追踪随访，密切接触者目前无发热等异常状况。,央视新闻微博
冠状病毒,16,2020-01-22 16:31:00,海南确诊4例新型肺炎病例 均为输入性病例,据消息，截至今天，海南省共确诊4例新型冠状病毒感染的肺炎病例，均为输入性病例。4例患者病情平稳，体温已恢复正常，正在定点医院隔离治疗，当地卫生健康部门已对其密切接触者进行追踪随访，密切接触者目前无发热等异常状况。,央视新闻微博
密切接触,17,2020-01-22 12:45:00,浙江省累计报告新型肺炎病例10例,截至22日12时，浙江省累计报告新型冠状病毒感染的肺炎病例10例，其中杭州1例、宁波3例、温州4例、舟山1例、台州1例。所有病例均有武汉居住史、旅行史和密切接触史。目前均在定点医疗机构接受隔离治疗。对148名密切接触者实施医学观察，目前未发现发热等呼吸道相关症状。,浙江省卫生健康委员会
病例,17,2020-01-22 12:45:00,浙江省累计报告新型肺炎病例10例,截至22日12时，浙江省累计报告新型冠状病毒感染的肺炎病例10例，其中杭州1例、宁波3例、温州4例、舟山1例、台州1例。所有病例均有武汉居住史、旅行史和密切接触史。目前均在定点医疗机构接受隔离治疗。对148名密切接触者实施医学观察，目前未发现发热等呼吸道相关症状。,浙江省卫生健康委员会
医学观察,17,2020-01-22 12:45:00,浙江省累计报告新型肺炎病例10例,截至22日12时，浙江省累计报告新型冠状病毒感染的肺炎病例10例，其中杭州1例、宁波3例、温州4例、舟山1例、台州1例。所有病例均有武汉居住史、旅行史和密切接触史。目前均在定点医疗机构接受隔离治疗。对148名密切接触者实施医学观察，目前未发现发热等呼吸道相关症状。,浙江省卫生健康委员会
冠状病毒,18,2020-01-22 11:10:00,澳门确诊首例新型冠状病毒感染案例,澳门特区政府新型冠状病毒感染应变协调中心22日11时召开新闻发布会。会上发布消息称，澳门出现首例确诊新型冠状病毒感染的案例，是武汉来澳门的旅客。,央视新闻
澳门,18,2020-01-22 11:10:00,澳门确诊首例新型冠状病毒感染案例,澳门特区政府新型冠状病毒感染应变协调中心22日11时召开新闻发布会。会上发布消息称，澳门出现首例确诊新型冠状病毒感染的案例，是武汉来澳门的旅客。,央视新闻
新型,18,2020-01-22 11:10:00,澳门确诊首例新型冠状病毒感染案例,澳门特区政府新型冠状病毒感染应变协调中心22日11时召开新闻发布会。会上发布消息称，澳门出现首例确诊新型冠状病毒感染的案例，是武汉来澳门的旅客。,央视新闻
退票,19,2020-01-23 22:02:00,民航局：民航机票免收退票费,中国民航局：自1月24日0时起，此前已购买民航机票的旅客自愿退票的，各航空公司及其客票销售代理机构应免费办理退票，不得收取任何费用。,人民日报
24,19,2020-01-23 22:02:00,民航局：民航机票免收退票费,中国民航局：自1月24日0时起，此前已购买民航机票的旅客自愿退票的，各航空公司及其客票销售代理机构应免费办理退票，不得收取任何费用。,人民日报
时起,19,2020-01-23 22:02:00,民航局：民航机票免收退票费,中国民航局：自1月24日0时起，此前已购买民航机票的旅客自愿退票的，各航空公司及其客票销售代理机构应免费办理退票，不得收取任何费用。,人民日报
病例,20,2020-01-23 21:25:00,江苏新增4例输入性新型冠状病毒感染的肺炎确诊病例,1月23日0-18时，江苏省报告新型冠状病毒感染的肺炎新增确诊病例4例。其中，南京市2例、连云港市和扬州市各1例，为南京市、连云港市和扬州市首次报告确诊病例。4例病例均有近期武汉旅行史。截至1月23日18时，江苏省累计报告新型冠状病毒感染的肺炎确诊病例5例，无重症病例。,健康江苏
冠状病毒,20,2020-01-23 21:25:00,江苏新增4例输入性新型冠状病毒感染的肺炎确诊病例,1月23日0-18时，江苏省报告新型冠状病毒感染的肺炎新增确诊病例4例。其中，南京市2例、连云港市和扬州市各1例，为南京市、连云港市和扬州市首次报告确诊病例。4例病例均有近期武汉旅行史。截至1月23日18时，江苏省累计报告新型冠状病毒感染的肺炎确诊病例5例，无重症病例。,健康江苏
确诊,20,2020-01-23 21:25:00,江苏新增4例输入性新型冠状病毒感染的肺炎确诊病例,1月23日0-18时，江苏省报告新型冠状病毒感染的肺炎新增确诊病例4例。其中，南京市2例、连云港市和扬州市各1例，为南京市、连云港市和扬州市首次报告确诊病例。4例病例均有近期武汉旅行史。截至1月23日18时，江苏省累计报告新型冠状病毒感染的肺炎确诊病例5例，无重症病例。,健康江苏
武汉,21,2020-01-23 21:15:00,武汉将在蔡甸以“小汤山模式”建立医院,武汉市政府要求中建三局集团有限公司参照北京小汤山的模式建立医院，地点位于在武汉蔡甸知音湖武汉职工疗养院。据悉，医院将在6天内建成，暂定明晚出设计图。具体规模和未来可收容的病患人数未定。,界面新闻
蔡甸,21,2020-01-23 21:15:00,武汉将在蔡甸以“小汤山模式”建立医院,武汉市政府要求中建三局集团有限公司参照北京小汤山的模式建立医院，地点位于在武汉蔡甸知音湖武汉职工疗养院。据悉，医院将在6天内建成，暂定明晚出设计图。具体规模和未来可收容的病患人数未定。,界面新闻
医院,21,2020-01-23 21:15:00,武汉将在蔡甸以“小汤山模式”建立医院,武汉市政府要求中建三局集团有限公司参照北京小汤山的模式建立医院，地点位于在武汉蔡甸知音湖武汉职工疗养院。据悉，医院将在6天内建成，暂定明晚出设计图。具体规模和未来可收容的病患人数未定。,界面新闻
广东省,22,2020-01-23 20:47:00,广东省决定启动重大突发公共卫生事件一级响应,1月23日，广东省新型冠状病毒感染的肺炎疫情防控工作领导小组决定，启动广东省重大突发公共卫生事件一级响应。,南方日报
冠状病毒,22,2020-01-23 20:47:00,广东省决定启动重大突发公共卫生事件一级响应,1月23日，广东省新型冠状病毒感染的肺炎疫情防控工作领导小组决定，启动广东省重大突发公共卫生事件一级响应。,南方日报
23,22,2020-01-23 20:47:00,广东省决定启动重大突发公共卫生事件一级响应,1月23日，广东省新型冠状病毒感染的肺炎疫情防控工作领导小组决定，启动广东省重大突发公共卫生事件一级响应。,南方日报
紧急事件,23,2020-01-24 02:43:00,世卫组织：当前不将新冠肺炎疫情列为“国际公共卫生紧急事件”,当地时间1月23日晚，世界卫生组织在日内瓦宣布，当前不会将中国新型冠状病毒感染肺炎疫情列为“国际关注的公共卫生紧急事件”。,人民日报
冠状病毒,23,2020-01-24 02:43:00,世卫组织：当前不将新冠肺炎疫情列为“国际公共卫生紧急事件”,当地时间1月23日晚，世界卫生组织在日内瓦宣布，当前不会将中国新型冠状病毒感染肺炎疫情列为“国际关注的公共卫生紧急事件”。,人民日报
23,23,2020-01-24 02:43:00,世卫组织：当前不将新冠肺炎疫情列为“国际公共卫生紧急事件”,当地时间1月23日晚，世界卫生组织在日内瓦宣布，当前不会将中国新型冠状病毒感染肺炎疫情列为“国际关注的公共卫生紧急事件”。,人民日报
23,24,2020-01-24 03:25:00,北京新增4例新型冠状病毒感染的肺炎病例,从1月23日14时至24时，北京市新增4例新型冠状病毒感染的肺炎病例，均为男性，均有湖北接触史，经疾控中心检测和专家组评估确诊，均已送至定点医疗机构进行救治。截至1月23日24时，北京市累计确诊病例26例.,央视新闻客户端
24,24,2020-01-24 03:25:00,北京新增4例新型冠状病毒感染的肺炎病例,从1月23日14时至24时，北京市新增4例新型冠状病毒感染的肺炎病例，均为男性，均有湖北接触史，经疾控中心检测和专家组评估确诊，均已送至定点医疗机构进行救治。截至1月23日24时，北京市累计确诊病例26例.,央视新闻客户端
确诊,24,2020-01-24 03:25:00,北京新增4例新型冠状病毒感染的肺炎病例,从1月23日14时至24时，北京市新增4例新型冠状病毒感染的肺炎病例，均为男性，均有湖北接触史，经疾控中心检测和专家组评估确诊，均已送至定点医疗机构进行救治。截至1月23日24时，北京市累计确诊病例26例.,央视新闻客户端
第二宗,25,2020-01-24 07:42:00,日本发现第二例新型肺炎确诊病,日本厚生劳动省1月24日表示，该国出现第二宗武汉新型冠状病毒的肺炎确诊病例，男性，常年居住在武汉，约40岁，患者日前到东京旅游，现时留院。,海外网
武汉,25,2020-01-24 07:42:00,日本发现第二例新型肺炎确诊病,日本厚生劳动省1月24日表示，该国出现第二宗武汉新型冠状病毒的肺炎确诊病例，男性，常年居住在武汉，约40岁，患者日前到东京旅游，现时留院。,海外网
冠状病毒,25,2020-01-24 07:42:00,日本发现第二例新型肺炎确诊病,日本厚生劳动省1月24日表示，该国出现第二宗武汉新型冠状病毒的肺炎确诊病例，男性，常年居住在武汉，约40岁，患者日前到东京旅游，现时留院。,海外网
冠状病毒,26,2020-01-24 02:51:00,天津新增1例新型冠状病毒感染的肺炎确诊病例,1月23日23时30分，天津市新增1例新型冠状病毒感染的肺炎确诊病例，患者男性，46岁。现已转至定点医院接受隔离治疗，目前生命体征平稳。截至目前，天津市累计发现新型冠状病毒感染的肺炎病例5例。,央视新闻客户端
23,26,2020-01-24 02:51:00,天津新增1例新型冠状病毒感染的肺炎确诊病例,1月23日23时30分，天津市新增1例新型冠状病毒感染的肺炎确诊病例，患者男性，46岁。现已转至定点医院接受隔离治疗，目前生命体征平稳。截至目前，天津市累计发现新型冠状病毒感染的肺炎病例5例。,央视新闻客户端
肺炎,26,2020-01-24 02:51:00,天津新增1例新型冠状病毒感染的肺炎确诊病例,1月23日23时30分，天津市新增1例新型冠状病毒感染的肺炎确诊病例，患者男性，46岁。现已转至定点医院接受隔离治疗，目前生命体征平稳。截至目前，天津市累计发现新型冠状病毒感染的肺炎病例5例。,央视新闻客户端
省内,27,2020-01-23 23:09:00,湖北：全省学校推迟开学时间 党政机关出差取消,为加强人员流动管理，最大限度阻断疫情传播扩散渠道，湖北宣布省内大专院校、中小学、幼儿园推迟开学时间，省内党政机关、企事业单位、驻军及武警部队所属人员出差取消，各地招商引资活动一律暂停。,湖北省政府网站
人员,27,2020-01-23 23:09:00,湖北：全省学校推迟开学时间 党政机关出差取消,为加强人员流动管理，最大限度阻断疫情传播扩散渠道，湖北宣布省内大专院校、中小学、幼儿园推迟开学时间，省内党政机关、企事业单位、驻军及武警部队所属人员出差取消，各地招商引资活动一律暂停。,湖北省政府网站
武警部队,27,2020-01-23 23:09:00,湖北：全省学校推迟开学时间 党政机关出差取消,为加强人员流动管理，最大限度阻断疫情传播扩散渠道，湖北宣布省内大专院校、中小学、幼儿园推迟开学时间，省内党政机关、企事业单位、驻军及武警部队所属人员出差取消，各地招商引资活动一律暂停。,湖北省政府网站
冠状病毒,28,2020-01-24 02:01:00,广西报告新型冠状病毒感染的肺炎新增确诊病例8例,1月23日0至24时，广西报告新型冠状病毒感染的肺炎新增确诊病例8例，目前全区累计报告新型冠状病毒感染的肺炎确诊病例13例。,央视新闻客户端
肺炎,28,2020-01-24 02:01:00,广西报告新型冠状病毒感染的肺炎新增确诊病例8例,1月23日0至24时，广西报告新型冠状病毒感染的肺炎新增确诊病例8例，目前全区累计报告新型冠状病毒感染的肺炎确诊病例13例。,央视新闻客户端
确诊,28,2020-01-24 02:01:00,广西报告新型冠状病毒感染的肺炎新增确诊病例8例,1月23日0至24时，广西报告新型冠状病毒感染的肺炎新增确诊病例8例，目前全区累计报告新型冠状病毒感染的肺炎确诊病例13例。,央视新闻客户端
冠状病毒,29,2020-01-24 00:31:00,河北确诊第2例新型冠状病毒感染的肺炎病例 抢救无效死亡,患者陈某，男，80岁，在武汉探亲居住2月余，返回南皮县后出现胸闷、呼吸困难，入院隔离治疗，伴有高血压、慢性支气管炎、肺气肿等基础疾病，1月22日抢救无效死亡。1月23日，河北省市专家组依据新型冠状病毒核酸检测结果及病历资料综合评估，确认为确诊病例。,央视新闻客户端
80,29,2020-01-24 00:31:00,河北确诊第2例新型冠状病毒感染的肺炎病例 抢救无效死亡,患者陈某，男，80岁，在武汉探亲居住2月余，返回南皮县后出现胸闷、呼吸困难，入院隔离治疗，伴有高血压、慢性支气管炎、肺气肿等基础疾病，1月22日抢救无效死亡。1月23日，河北省市专家组依据新型冠状病毒核酸检测结果及病历资料综合评估，确认为确诊病例。,央视新闻客户端
南皮县,29,2020-01-24 00:31:00,河北确诊第2例新型冠状病毒感染的肺炎病例 抢救无效死亡,患者陈某，男，80岁，在武汉探亲居住2月余，返回南皮县后出现胸闷、呼吸困难，入院隔离治疗，伴有高血压、慢性支气管炎、肺气肿等基础疾病，1月22日抢救无效死亡。1月23日，河北省市专家组依据新型冠状病毒核酸检测结果及病历资料综合评估，确认为确诊病例。,央视新闻客户端
23,30,2020-01-24 07:57:00,上海新增4例新型冠状病毒感染的肺炎确诊病例,1月23日0—24时，上海市新增新型冠状病毒感染的肺炎确诊病例4例，其中1例危重症病例，为68岁男性患者，合并慢性阻塞性肺气肿。截至1月23日24时，上海市累计发现确诊病例20例，其中18例目前病情平稳，2例病情危重。另有34例疑似病例正在排查中。,上海卫健委
24,30,2020-01-24 07:57:00,上海新增4例新型冠状病毒感染的肺炎确诊病例,1月23日0—24时，上海市新增新型冠状病毒感染的肺炎确诊病例4例，其中1例危重症病例，为68岁男性患者，合并慢性阻塞性肺气肿。截至1月23日24时，上海市累计发现确诊病例20例，其中18例目前病情平稳，2例病情危重。另有34例疑似病例正在排查中。,上海卫健委
病例,30,2020-01-24 07:57:00,上海新增4例新型冠状病毒感染的肺炎确诊病例,1月23日0—24时，上海市新增新型冠状病毒感染的肺炎确诊病例4例，其中1例危重症病例，为68岁男性患者，合并慢性阻塞性肺气肿。截至1月23日24时，上海市累计发现确诊病例20例，其中18例目前病情平稳，2例病情危重。另有34例疑似病例正在排查中。,上海卫健委
病例,31,2020-01-24 09:10:00,黑龙江新增新冠肺炎确诊病例2例，死亡1例,"1月23日0-24时, 黑龙江省报告新型冠状病毒感染的肺炎新增确诊病例2例，死亡病例1例。截至1月23日24时,黑龙江省累计报告新型冠状病毒感染的肺炎确诊病例4例，死亡病例1例为绥化市确诊病例。",黑龙江卫健委
冠状病毒,31,2020-01-24 09:10:00,黑龙江新增新冠肺炎确诊病例2例，死亡1例,"1月23日0-24时, 黑龙江省报告新型冠状病毒感染的肺炎新增确诊病例2例，死亡病例1例。截至1月23日24时,黑龙江省累计报告新型冠状病毒感染的肺炎确诊病例4例，死亡病例1例为绥化市确诊病例。",黑龙江卫健委
确诊,31,2020-01-24 09:10:00,黑龙江新增新冠肺炎确诊病例2例，死亡1例,"1月23日0-24时, 黑龙江省报告新型冠状病毒感染的肺炎新增确诊病例2例，死亡病例1例。截至1月23日24时,黑龙江省累计报告新型冠状病毒感染的肺炎确诊病例4例，死亡病例1例为绥化市确诊病例。",黑龙江卫健委
23,32,2020-01-24 09:16:00,湖北新增新型冠状病毒感染的肺炎病例105例,1月23日0时-24时，湖北新增新型冠状病毒感染的肺炎病例105例，全省新增死亡7例，武汉市治愈出院3例。截至1月23日24时，湖北累计报告新型冠状病毒感染的肺炎病例549例，已治愈出院31例，死亡24例。目前仍在院治疗494例，其中重症106例、危重症23例。,湖北卫健委
24,32,2020-01-24 09:16:00,湖北新增新型冠状病毒感染的肺炎病例105例,1月23日0时-24时，湖北新增新型冠状病毒感染的肺炎病例105例，全省新增死亡7例，武汉市治愈出院3例。截至1月23日24时，湖北累计报告新型冠状病毒感染的肺炎病例549例，已治愈出院31例，死亡24例。目前仍在院治疗494例，其中重症106例、危重症23例。,湖北卫健委
冠状病毒,32,2020-01-24 09:16:00,湖北新增新型冠状病毒感染的肺炎病例105例,1月23日0时-24时，湖北新增新型冠状病毒感染的肺炎病例105例，全省新增死亡7例，武汉市治愈出院3例。截至1月23日24时，湖北累计报告新型冠状病毒感染的肺炎病例549例，已治愈出院31例，死亡24例。目前仍在院治疗494例，其中重症106例、危重症23例。,湖北卫健委
韩国,33,2020-01-24 09:41:00,韩国出现第二例新型冠状病毒肺炎确诊病例,据悉，该名患者几天前从中国武汉乘飞机通过韩国仁川机场入境，韩国相关部门正针对该病例进行流行病学调查，目前该患者正在相关指定医院接受治疗，状态良好。,央视新闻客户端
患者,33,2020-01-24 09:41:00,韩国出现第二例新型冠状病毒肺炎确诊病例,据悉，该名患者几天前从中国武汉乘飞机通过韩国仁川机场入境，韩国相关部门正针对该病例进行流行病学调查，目前该患者正在相关指定医院接受治疗，状态良好。,央视新闻客户端
该名,33,2020-01-24 09:41:00,韩国出现第二例新型冠状病毒肺炎确诊病例,据悉，该名患者几天前从中国武汉乘飞机通过韩国仁川机场入境，韩国相关部门正针对该病例进行流行病学调查，目前该患者正在相关指定医院接受治疗，状态良好。,央视新闻客户端
冠状病毒,34,2020-01-24 10:33:00,我国开展新冠肺炎疫情应急科研攻关，钟南山任组长,从科技部获悉，“新型冠状病毒感染的肺炎疫情科技应对”第一批8个应急攻关项目已经紧急启动，经费拨付到位。,新华视点
攻关项目,34,2020-01-24 10:33:00,我国开展新冠肺炎疫情应急科研攻关，钟南山任组长,从科技部获悉，“新型冠状病毒感染的肺炎疫情科技应对”第一批8个应急攻关项目已经紧急启动，经费拨付到位。,新华视点
科技部,34,2020-01-24 10:33:00,我国开展新冠肺炎疫情应急科研攻关，钟南山任组长,从科技部获悉，“新型冠状病毒感染的肺炎疫情科技应对”第一批8个应急攻关项目已经紧急启动，经费拨付到位。,新华视点
黄谋宏,35,2020-01-24 10:20:00,湖北省商务厅副厅长感染新型冠状病毒病毒,湖北省商务厅副厅长黄谋宏22日确诊感染新型冠状病毒，目前正在医院接受治疗。湖北省疾控中心及湖北省商务厅工作人员正在排查近期与黄谋宏密切接触者，要求他们进行隔离。该工作人员表示，黄谋宏此前就出现了感冒的症状，后来情况越来越严重，“站都站不住了”，做了检查后才确诊。,澎湃新闻
湖北省,35,2020-01-24 10:20:00,湖北省商务厅副厅长感染新型冠状病毒病毒,湖北省商务厅副厅长黄谋宏22日确诊感染新型冠状病毒，目前正在医院接受治疗。湖北省疾控中心及湖北省商务厅工作人员正在排查近期与黄谋宏密切接触者，要求他们进行隔离。该工作人员表示，黄谋宏此前就出现了感冒的症状，后来情况越来越严重，“站都站不住了”，做了检查后才确诊。,澎湃新闻
商务厅,35,2020-01-24 10:20:00,湖北省商务厅副厅长感染新型冠状病毒病毒,湖北省商务厅副厅长黄谋宏22日确诊感染新型冠状病毒，目前正在医院接受治疗。湖北省疾控中心及湖北省商务厅工作人员正在排查近期与黄谋宏密切接触者，要求他们进行隔离。该工作人员表示，黄谋宏此前就出现了感冒的症状，后来情况越来越严重，“站都站不住了”，做了检查后才确诊。,澎湃新闻
冠状病毒,36,2020-01-24 11:40:00,美专家称新型冠状病毒疫苗有望3个月后临床试验,美国卫生官员和科研人员23日在《美国医学会杂志》上发表观点文章称，自严重急性呼吸综合征（SARS）出现以来，医学界对冠状病毒的研究及技术进步可大幅缩短新型冠状病毒疫苗开发的时间，新型冠状病毒的候选疫苗有望在3个月后展开人体临床试验。,新华社
疫苗,36,2020-01-24 11:40:00,美专家称新型冠状病毒疫苗有望3个月后临床试验,美国卫生官员和科研人员23日在《美国医学会杂志》上发表观点文章称，自严重急性呼吸综合征（SARS）出现以来，医学界对冠状病毒的研究及技术进步可大幅缩短新型冠状病毒疫苗开发的时间，新型冠状病毒的候选疫苗有望在3个月后展开人体临床试验。,新华社
新型,36,2020-01-24 11:40:00,美专家称新型冠状病毒疫苗有望3个月后临床试验,美国卫生官员和科研人员23日在《美国医学会杂志》上发表观点文章称，自严重急性呼吸综合征（SARS）出现以来，医学界对冠状病毒的研究及技术进步可大幅缩短新型冠状病毒疫苗开发的时间，新型冠状病毒的候选疫苗有望在3个月后展开人体临床试验。,新华社
通告,37,2020-01-24 11:43:00,武汉关闭过江隧道，减少人员流动,武汉新冠肺炎防控指挥部第6号通告：为减少人员流动，降低感染风险，现就桥隧通行管理有关事项通告如下：自2020年1月25日0时起，过江隧道关闭，三环内（含三环）过江桥梁通行实施体温检测管控。取消时间另行通告。,人民日报
三环,37,2020-01-24 11:43:00,武汉关闭过江隧道，减少人员流动,武汉新冠肺炎防控指挥部第6号通告：为减少人员流动，降低感染风险，现就桥隧通行管理有关事项通告如下：自2020年1月25日0时起，过江隧道关闭，三环内（含三环）过江桥梁通行实施体温检测管控。取消时间另行通告。,人民日报
过江,37,2020-01-24 11:43:00,武汉关闭过江隧道，减少人员流动,武汉新冠肺炎防控指挥部第6号通告：为减少人员流动，降低感染风险，现就桥隧通行管理有关事项通告如下：自2020年1月25日0时起，过江隧道关闭，三环内（含三环）过江桥梁通行实施体温检测管控。取消时间另行通告。,人民日报
冠状病毒,38,2020-01-24 10:41:00,中科院武汉病毒研究所:新型冠状病毒可能来源于蝙蝠,又一针对新型冠状病毒的研究结果出炉了，将该病毒的来源再次指向蝙蝠。这一研究由中国科学院武汉病毒研究所石正丽团队完成，该团队1月23日在学术平台bioRxiv预印版上发表文章，阐述了武汉新型冠状病毒及相关研究结果。,中国青年报
病毒,38,2020-01-24 10:41:00,中科院武汉病毒研究所:新型冠状病毒可能来源于蝙蝠,又一针对新型冠状病毒的研究结果出炉了，将该病毒的来源再次指向蝙蝠。这一研究由中国科学院武汉病毒研究所石正丽团队完成，该团队1月23日在学术平台bioRxiv预印版上发表文章，阐述了武汉新型冠状病毒及相关研究结果。,中国青年报
团队,38,2020-01-24 10:41:00,中科院武汉病毒研究所:新型冠状病毒可能来源于蝙蝠,又一针对新型冠状病毒的研究结果出炉了，将该病毒的来源再次指向蝙蝠。这一研究由中国科学院武汉病毒研究所石正丽团队完成，该团队1月23日在学术平台bioRxiv预印版上发表文章，阐述了武汉新型冠状病毒及相关研究结果。,中国青年报
冠状病毒,39,2020-01-24 12:07:00,湖北省启动重大突发公共卫生事件一级响应,湖北省新型冠状病毒感染的肺炎疫情防控指挥部发布通告，针对湖北当前新型冠状病毒感染的肺炎疫情防控形势，根据《湖北省突发公共卫生事件应急预案》，省新型冠状病毒感染的肺炎疫情防控指挥部决定，启动湖北省重大突发公共卫生事件Ⅰ级响应。,人民日报
肺炎,39,2020-01-24 12:07:00,湖北省启动重大突发公共卫生事件一级响应,湖北省新型冠状病毒感染的肺炎疫情防控指挥部发布通告，针对湖北当前新型冠状病毒感染的肺炎疫情防控形势，根据《湖北省突发公共卫生事件应急预案》，省新型冠状病毒感染的肺炎疫情防控指挥部决定，启动湖北省重大突发公共卫生事件Ⅰ级响应。,人民日报
防控,39,2020-01-24 12:07:00,湖北省启动重大突发公共卫生事件一级响应,湖北省新型冠状病毒感染的肺炎疫情防控指挥部发布通告，针对湖北当前新型冠状病毒感染的肺炎疫情防控形势，根据《湖北省突发公共卫生事件应急预案》，省新型冠状病毒感染的肺炎疫情防控指挥部决定，启动湖北省重大突发公共卫生事件Ⅰ级响应。,人民日报
防控,40,2020-01-24 12:38:00,国务院：瞒报、漏报疫情将严肃处,国务院办公厅从即日起面向社会征集有关地方和部门在疫情防控工作中责任落实不到位、防控不力、推诿扯皮、敷衍塞责等问题线索，以及改进和加强防控工作的意见建议。对涉及缓报、瞒报、漏报疫情，落实防控措施不力，导致疫情扩散等严重后果的重要问题线索，国务院办公厅督查室将直接派员进行督查。经查证属实的，将依法依规严肃处理。,中国政府网
疫情,40,2020-01-24 12:38:00,国务院：瞒报、漏报疫情将严肃处,国务院办公厅从即日起面向社会征集有关地方和部门在疫情防控工作中责任落实不到位、防控不力、推诿扯皮、敷衍塞责等问题线索，以及改进和加强防控工作的意见建议。对涉及缓报、瞒报、漏报疫情，落实防控措施不力，导致疫情扩散等严重后果的重要问题线索，国务院办公厅督查室将直接派员进行督查。经查证属实的，将依法依规严肃处理。,中国政府网
督查,40,2020-01-24 12:38:00,国务院：瞒报、漏报疫情将严肃处,国务院办公厅从即日起面向社会征集有关地方和部门在疫情防控工作中责任落实不到位、防控不力、推诿扯皮、敷衍塞责等问题线索，以及改进和加强防控工作的意见建议。对涉及缓报、瞒报、漏报疫情，落实防控措施不力，导致疫情扩散等严重后果的重要问题线索，国务院办公厅督查室将直接派员进行督查。经查证属实的，将依法依规严肃处理。,中国政府网
死亡,41,2020-01-24 14:43:00,36岁！湖北出现新型冠状病毒肺炎最年轻死亡案例,湖北36岁患者1月23日中午死亡，成最年轻死亡案例。,湖北省卫健委
36,41,2020-01-24 14:43:00,36岁！湖北出现新型冠状病毒肺炎最年轻死亡案例,湖北36岁患者1月23日中午死亡，成最年轻死亡案例。,湖北省卫健委
23,41,2020-01-24 14:43:00,36岁！湖北出现新型冠状病毒肺炎最年轻死亡案例,湖北36岁患者1月23日中午死亡，成最年轻死亡案例。,湖北省卫健委
医学观察,42,2020-01-24 14:52:00,北京市启动重大突发公共卫生事件一级响应,截至24日14时，北京累计确诊新型冠状病毒感染肺炎病例29例。累计密切接触者273人，均在接受医学观察中，无异常情况报告。,北京市卫健委
冠状病毒,42,2020-01-24 14:52:00,北京市启动重大突发公共卫生事件一级响应,截至24日14时，北京累计确诊新型冠状病毒感染肺炎病例29例。累计密切接触者273人，均在接受医学观察中，无异常情况报告。,北京市卫健委
累计,42,2020-01-24 14:52:00,北京市启动重大突发公共卫生事件一级响应,截至24日14时，北京累计确诊新型冠状病毒感染肺炎病例29例。累计密切接触者273人，均在接受医学观察中，无异常情况报告。,北京市卫健委
公共卫生,43,2020-01-24 15:15:00,北京 、上海、安徽、湖北、湖南、广东启动重大突发公共卫生事件I级响应。,北京 、上海、安徽、湖北、湖南、广东启动重大突发公共卫生事件I级响应。根据性质、危害程度、涉及范围，突发公共卫生事件划分为特别重大（I级）、重大（II级）、较大（III级）和一般（IV级）。I级响应是发生特别重大突发公共卫生事件，省指挥部根据国务院的决策部署和统一指挥，组织协调本行政区域内应急处置工作。,各地卫健委
突发,43,2020-01-24 15:15:00,北京 、上海、安徽、湖北、湖南、广东启动重大突发公共卫生事件I级响应。,北京 、上海、安徽、湖北、湖南、广东启动重大突发公共卫生事件I级响应。根据性质、危害程度、涉及范围，突发公共卫生事件划分为特别重大（I级）、重大（II级）、较大（III级）和一般（IV级）。I级响应是发生特别重大突发公共卫生事件，省指挥部根据国务院的决策部署和统一指挥，组织协调本行政区域内应急处置工作。,各地卫健委
重大,43,2020-01-24 15:15:00,北京 、上海、安徽、湖北、湖南、广东启动重大突发公共卫生事件I级响应。,北京 、上海、安徽、湖北、湖南、广东启动重大突发公共卫生事件I级响应。根据性质、危害程度、涉及范围，突发公共卫生事件划分为特别重大（I级）、重大（II级）、较大（III级）和一般（IV级）。I级响应是发生特别重大突发公共卫生事件，省指挥部根据国务院的决策部署和统一指挥，组织协调本行政区域内应急处置工作。,各地卫健委
24,44,2020-01-24 16:46:00,湖北多地宣布“封城”,截止1月24日12时，湖北13个城市区域公共交通停运，包括武汉、鄂州、仙桃、枝江、潜江、黄冈、赤壁、荆门、咸宁、黄石（含大冶市、阳新县）、当阳、恩施、孝感。,北京青年报
12,44,2020-01-24 16:46:00,湖北多地宣布“封城”,截止1月24日12时，湖北13个城市区域公共交通停运，包括武汉、鄂州、仙桃、枝江、潜江、黄冈、赤壁、荆门、咸宁、黄石（含大冶市、阳新县）、当阳、恩施、孝感。,北京青年报
13,44,2020-01-24 16:46:00,湖北多地宣布“封城”,截止1月24日12时，湖北13个城市区域公共交通停运，包括武汉、鄂州、仙桃、枝江、潜江、黄冈、赤壁、荆门、咸宁、黄石（含大冶市、阳新县）、当阳、恩施、孝感。,北京青年报
疫情,45,2020-01-24 17:39:00,总台央视春晚临时增加抗肺炎诗朗诵,众志成城，防控疫情！白岩松、康辉、水均益 、贺红梅、海霞、欧阳夏丹带来情景报告《爱是桥梁》，向奋战在抗击疫情一线的白衣天使致敬。我们一起坚守！我们一定胜利！加油，武汉！,央视新闻
康辉,45,2020-01-24 17:39:00,总台央视春晚临时增加抗肺炎诗朗诵,众志成城，防控疫情！白岩松、康辉、水均益 、贺红梅、海霞、欧阳夏丹带来情景报告《爱是桥梁》，向奋战在抗击疫情一线的白衣天使致敬。我们一起坚守！我们一定胜利！加油，武汉！,央视新闻
白衣天使,45,2020-01-24 17:39:00,总台央视春晚临时增加抗肺炎诗朗诵,众志成城，防控疫情！白岩松、康辉、水均益 、贺红梅、海霞、欧阳夏丹带来情景报告《爱是桥梁》，向奋战在抗击疫情一线的白衣天使致敬。我们一起坚守！我们一定胜利！加油，武汉！,央视新闻
地坛,46,2020-01-24 17:55:00,北京痊愈者：轻症个案，治疗方案不足以推广,北京24日出现首例新型冠状病毒感染肺炎治愈出院病例。该患者在北京地坛医院就医，地坛医院院长李昂向新京报记者透露，该患者病情较轻，目前看，其治疗方案还不足以推广。,新京报
患者,46,2020-01-24 17:55:00,北京痊愈者：轻症个案，治疗方案不足以推广,北京24日出现首例新型冠状病毒感染肺炎治愈出院病例。该患者在北京地坛医院就医，地坛医院院长李昂向新京报记者透露，该患者病情较轻，目前看，其治疗方案还不足以推广。,新京报
冠状病毒,46,2020-01-24 17:55:00,北京痊愈者：轻症个案，治疗方案不足以推广,北京24日出现首例新型冠状病毒感染肺炎治愈出院病例。该患者在北京地坛医院就医，地坛医院院长李昂向新京报记者透露，该患者病情较轻，目前看，其治疗方案还不足以推广。,新京报
密切接触,47,2020-01-24 19:00:00,陕西新增2例新型冠状病毒感染的肺炎病例,陕西新增2例新型冠状病毒感染的肺炎确诊病例；新增密切接触者72例；全省累计报告确诊病例5例，密切接触者125例，均集中医学观察。,陕西卫健委
确诊,47,2020-01-24 19:00:00,陕西新增2例新型冠状病毒感染的肺炎病例,陕西新增2例新型冠状病毒感染的肺炎确诊病例；新增密切接触者72例；全省累计报告确诊病例5例，密切接触者125例，均集中医学观察。,陕西卫健委
病例,47,2020-01-24 19:00:00,陕西新增2例新型冠状病毒感染的肺炎病例,陕西新增2例新型冠状病毒感染的肺炎确诊病例；新增密切接触者72例；全省累计报告确诊病例5例，密切接触者125例，均集中医学观察。,陕西卫健委
病例,48,2020-01-24 19:10:00,北京新增5例新型冠状病毒感染的肺炎病例,北京新增5例新型冠状病毒感染的肺炎病例，均有湖北接触史，经疾控中心检测和专家组评估确诊，均已送至定点医疗机构进行救治。北京累计病例34人。,北京市卫健委
冠状病毒,48,2020-01-24 19:10:00,北京新增5例新型冠状病毒感染的肺炎病例,北京新增5例新型冠状病毒感染的肺炎病例，均有湖北接触史，经疾控中心检测和专家组评估确诊，均已送至定点医疗机构进行救治。北京累计病例34人。,北京市卫健委
34,48,2020-01-24 19:10:00,北京新增5例新型冠状病毒感染的肺炎病例,北京新增5例新型冠状病毒感染的肺炎病例，均有湖北接触史，经疾控中心检测和专家组评估确诊，均已送至定点医疗机构进行救治。北京累计病例34人。,北京市卫健委
医院,49,2020-01-24 19:40:00,武汉小汤山医院定名火神山医院,1月23日下午，武汉市城建局紧急召集中建三局等单位举行专题会议，要求参照2003年抗击非典期间北京小汤山医院模式，在武汉职工疗养院建设一座专门医院——武汉蔡甸火神山医院，集中收治新型冠状病毒肺炎患者。医院建筑面积2.5万平方米，可容纳1000张床位，由中建三局牵头，武汉建工、武汉市政、汉阳市政等3家企业参与。,人民日报
三局,49,2020-01-24 19:40:00,武汉小汤山医院定名火神山医院,1月23日下午，武汉市城建局紧急召集中建三局等单位举行专题会议，要求参照2003年抗击非典期间北京小汤山医院模式，在武汉职工疗养院建设一座专门医院——武汉蔡甸火神山医院，集中收治新型冠状病毒肺炎患者。医院建筑面积2.5万平方米，可容纳1000张床位，由中建三局牵头，武汉建工、武汉市政、汉阳市政等3家企业参与。,人民日报
武汉,49,2020-01-24 19:40:00,武汉小汤山医院定名火神山医院,1月23日下午，武汉市城建局紧急召集中建三局等单位举行专题会议，要求参照2003年抗击非典期间北京小汤山医院模式，在武汉职工疗养院建设一座专门医院——武汉蔡甸火神山医院，集中收治新型冠状病毒肺炎患者。医院建筑面积2.5万平方米，可容纳1000张床位，由中建三局牵头，武汉建工、武汉市政、汉阳市政等3家企业参与。,人民日报
台湾,50,2020-01-24 20:10:00,台湾新增2例新型冠状病毒感染的肺炎确诊病例,台“疾病管制署”今晚19点30分召开记者会表示，有2例确诊个案，1例21日返回台湾，23日就诊；另1例是一名大陆旅行团成员，21日入境台湾，23日发病。此外，还有1名来自武汉的旅行团成员在台湾发烧就诊。目前，三项措施已开始实施：第一，停止岛内所有旅行社的赴陆团行程；第二，警示升级，来自湖北地区的旅客将被拒绝登记入境，在台湾的湖北团尽快离境；第三，其他大陆团建议健康监测，呼吁尽快离境。,央视新闻
旅行团,50,2020-01-24 20:10:00,台湾新增2例新型冠状病毒感染的肺炎确诊病例,台“疾病管制署”今晚19点30分召开记者会表示，有2例确诊个案，1例21日返回台湾，23日就诊；另1例是一名大陆旅行团成员，21日入境台湾，23日发病。此外，还有1名来自武汉的旅行团成员在台湾发烧就诊。目前，三项措施已开始实施：第一，停止岛内所有旅行社的赴陆团行程；第二，警示升级，来自湖北地区的旅客将被拒绝登记入境，在台湾的湖北团尽快离境；第三，其他大陆团建议健康监测，呼吁尽快离境。,央视新闻
21,50,2020-01-24 20:10:00,台湾新增2例新型冠状病毒感染的肺炎确诊病例,台“疾病管制署”今晚19点30分召开记者会表示，有2例确诊个案，1例21日返回台湾，23日就诊；另1例是一名大陆旅行团成员，21日入境台湾，23日发病。此外，还有1名来自武汉的旅行团成员在台湾发烧就诊。目前，三项措施已开始实施：第一，停止岛内所有旅行社的赴陆团行程；第二，警示升级，来自湖北地区的旅客将被拒绝登记入境，在台湾的湖北团尽快离境；第三，其他大陆团建议健康监测，呼吁尽快离境。,央视新闻
22,51,2020-01-24 20:27:00,贵州新增1例新型冠状病毒感染的肺炎确诊病例,贵州省新型冠状病毒感染的肺炎新增1例确诊病例。患者黄某某，男，17岁，居住地为铜仁市碧江区。系1月22日确诊病例陈某某之子。1月19日出现发热症状，1月22日到定点医院就诊。目前患者病情平稳。,贵州省卫健委
某某,51,2020-01-24 20:27:00,贵州新增1例新型冠状病毒感染的肺炎确诊病例,贵州省新型冠状病毒感染的肺炎新增1例确诊病例。患者黄某某，男，17岁，居住地为铜仁市碧江区。系1月22日确诊病例陈某某之子。1月19日出现发热症状，1月22日到定点医院就诊。目前患者病情平稳。,贵州省卫健委
确诊,51,2020-01-24 20:27:00,贵州新增1例新型冠状病毒感染的肺炎确诊病例,贵州省新型冠状病毒感染的肺炎新增1例确诊病例。患者黄某某，男，17岁，居住地为铜仁市碧江区。系1月22日确诊病例陈某某之子。1月19日出现发热症状，1月22日到定点医院就诊。目前患者病情平稳。,贵州省卫健委
出院,52,2020-01-24 20:29:00,上海市首例新型肺炎病例治愈出院,上海市卫健委通报：上海市首例新型肺炎病例，已连续体温正常6天，经专家组评估，符合解除隔离和出院标准，已于今日治愈出院。,上海市卫健委
上海市,52,2020-01-24 20:29:00,上海市首例新型肺炎病例治愈出院,上海市卫健委通报：上海市首例新型肺炎病例，已连续体温正常6天，经专家组评估，符合解除隔离和出院标准，已于今日治愈出院。,上海市卫健委
卫健委,52,2020-01-24 20:29:00,上海市首例新型肺炎病例治愈出院,上海市卫健委通报：上海市首例新型肺炎病例，已连续体温正常6天，经专家组评估，符合解除隔离和出院标准，已于今日治愈出院。,上海市卫健委
腾讯,53,2020-01-24 20:20:00,腾讯基金会捐赠3亿元人民币紧急驰援肺炎疫情,"1月24日，腾讯公益慈善基金会宣布捐赠3亿元人民币，设立第一期新型肺炎疫情防控基金。
腾讯公益慈善基金会表示，捐赠将主要用于武汉等多地的疫区前线抗击及防治工作，包括口罩、消毒液、护目镜等物资的采购，以及对一线医护人员的帮助与激励。",腾讯科技
公益,53,2020-01-24 20:20:00,腾讯基金会捐赠3亿元人民币紧急驰援肺炎疫情,"1月24日，腾讯公益慈善基金会宣布捐赠3亿元人民币，设立第一期新型肺炎疫情防控基金。
腾讯公益慈善基金会表示，捐赠将主要用于武汉等多地的疫区前线抗击及防治工作，包括口罩、消毒液、护目镜等物资的采购，以及对一线医护人员的帮助与激励。",腾讯科技
基金会,53,2020-01-24 20:20:00,腾讯基金会捐赠3亿元人民币紧急驰援肺炎疫情,"1月24日，腾讯公益慈善基金会宣布捐赠3亿元人民币，设立第一期新型肺炎疫情防控基金。
腾讯公益慈善基金会表示，捐赠将主要用于武汉等多地的疫区前线抗击及防治工作，包括口罩、消毒液、护目镜等物资的采购，以及对一线医护人员的帮助与激励。",腾讯科技
冠状病毒,54,2020-01-24 21:17:00,北京新增2例新型冠状病毒感染的肺炎病例,北京市新增2例新型冠状病毒感染的肺炎病例，累计病例36人   从1月24日17时至20时，本市新增2例新型冠状病毒感染的肺炎病例，均有湖北接触史，经疾控中心检测和专家组评估确诊，均已送至定点医疗机构进行救治。,北京市卫健委
病例,54,2020-01-24 21:17:00,北京新增2例新型冠状病毒感染的肺炎病例,北京市新增2例新型冠状病毒感染的肺炎病例，累计病例36人   从1月24日17时至20时，本市新增2例新型冠状病毒感染的肺炎病例，均有湖北接触史，经疾控中心检测和专家组评估确诊，均已送至定点医疗机构进行救治。,北京市卫健委
肺炎,54,2020-01-24 21:17:00,北京新增2例新型冠状病毒感染的肺炎病例,北京市新增2例新型冠状病毒感染的肺炎病例，累计病例36人   从1月24日17时至20时，本市新增2例新型冠状病毒感染的肺炎病例，均有湖北接触史，经疾控中心检测和专家组评估确诊，均已送至定点医疗机构进行救治。,北京市卫健委
冠状病毒,55,2020-01-24 21:34:00,美国发现新型冠状病毒首例在美感染案例,美国媒体CNN援引消息人士称，预计在当地时间周二下午，美国疾病控制与预防中心（CDC）公布新型冠状病毒首例在美感染案例。目前尚无法确认感染者是否曾前往中国，以及是否已传染至其他人。,央视新闻
CNN,55,2020-01-24 21:34:00,美国发现新型冠状病毒首例在美感染案例,美国媒体CNN援引消息人士称，预计在当地时间周二下午，美国疾病控制与预防中心（CDC）公布新型冠状病毒首例在美感染案例。目前尚无法确认感染者是否曾前往中国，以及是否已传染至其他人。,央视新闻
CDC,55,2020-01-24 21:34:00,美国发现新型冠状病毒首例在美感染案例,美国媒体CNN援引消息人士称，预计在当地时间周二下午，美国疾病控制与预防中心（CDC）公布新型冠状病毒首例在美感染案例。目前尚无法确认感染者是否曾前往中国，以及是否已传染至其他人。,央视新闻
冠状病毒,56,2020-01-24 21:58:00,天津市确诊第8例新型冠状病毒感染的肺炎病例,1月24日20时，天津市新增1例新型冠状病毒感染的肺炎确诊病例。患者为男性，39岁，系天津动车客车段工作人员，近日去过武汉。目前已转至定点医院接受隔离治疗，生命体征平稳。,央视新闻
24,56,2020-01-24 21:58:00,天津市确诊第8例新型冠状病毒感染的肺炎病例,1月24日20时，天津市新增1例新型冠状病毒感染的肺炎确诊病例。患者为男性，39岁，系天津动车客车段工作人员，近日去过武汉。目前已转至定点医院接受隔离治疗，生命体征平稳。,央视新闻
20,56,2020-01-24 21:58:00,天津市确诊第8例新型冠状病毒感染的肺炎病例,1月24日20时，天津市新增1例新型冠状病毒感染的肺炎确诊病例。患者为男性，39岁，系天津动车客车段工作人员，近日去过武汉。目前已转至定点医院接受隔离治疗，生命体征平稳。,央视新闻
医用,57,2020-01-24 23:59:00,目前武汉及湖北各大医院物资告急！,"请所有看到这条消息的朋友，尽自己的微薄之力，帮助各家医院渡过难关！下方有援助热线的指引。
需要捐助的物资有：
护目镜、N95口罩、外科口罩、一次性医用口罩、医用帽、防护服、手术衣、防冲击眼罩、防护面罩。
物资需符合或高于下列国家标准：
医用防护口罩：GB 19083-2010
医用外科口罩：YY 0469-2010
防护服：GB 19082-2003《医用一次性防护服技术要求》",紧急救援！
口罩,57,2020-01-24 23:59:00,目前武汉及湖北各大医院物资告急！,"请所有看到这条消息的朋友，尽自己的微薄之力，帮助各家医院渡过难关！下方有援助热线的指引。
需要捐助的物资有：
护目镜、N95口罩、外科口罩、一次性医用口罩、医用帽、防护服、手术衣、防冲击眼罩、防护面罩。
物资需符合或高于下列国家标准：
医用防护口罩：GB 19083-2010
医用外科口罩：YY 0469-2010
防护服：GB 19082-2003《医用一次性防护服技术要求》",紧急救援！
防护服,57,2020-01-24 23:59:00,目前武汉及湖北各大医院物资告急！,"请所有看到这条消息的朋友，尽自己的微薄之力，帮助各家医院渡过难关！下方有援助热线的指引。
需要捐助的物资有：
护目镜、N95口罩、外科口罩、一次性医用口罩、医用帽、防护服、手术衣、防冲击眼罩、防护面罩。
物资需符合或高于下列国家标准：
医用防护口罩：GB 19083-2010
医用外科口罩：YY 0469-2010
防护服：GB 19082-2003《医用一次性防护服技术要求》",紧急救援！
老师,58,2020-01-24 23:58:00,武汉市中医医院联系方式,"武汉市中医医院
万老师：15071208120
余老师：15927014668",湖北之声
中医医院,58,2020-01-24 23:58:00,武汉市中医医院联系方式,"武汉市中医医院
万老师：15071208120
余老师：15927014668",湖北之声
15071208120,58,2020-01-24 23:58:00,武汉市中医医院联系方式,"武汉市中医医院
万老师：15071208120
余老师：15927014668",湖北之声
常乐,59,2020-01-25 00:04:00,武汉市汉口医院联系方式,"武汉市汉口医院
常乐：15907115748",湖北之声
15907115748,59,2020-01-25 00:04:00,武汉市汉口医院联系方式,"武汉市汉口医院
常乐：15907115748",湖北之声
武汉市,59,2020-01-25 00:04:00,武汉市汉口医院联系方式,"武汉市汉口医院
常乐：15907115748",湖北之声
13377897186,60,2020-01-25 00:04:00,湖北省中西医结合医院联系方式,"湖北省中西医结合医院
联系人:何先生 13377897186  徐先生18086104556",湖北之声
18086104556,60,2020-01-25 00:04:00,湖北省中西医结合医院联系方式,"湖北省中西医结合医院
联系人:何先生 13377897186  徐先生18086104556",湖北之声
何先生,60,2020-01-25 00:04:00,湖北省中西医结合医院联系方式,"湖北省中西医结合医院
联系人:何先生 13377897186  徐先生18086104556",湖北之声
老师,61,2020-01-25 00:05:00,武汉市汉阳医院联系方式,"武汉市汉阳医院
王老师：18602703263
徐老师：18627869526
易老师：13971032861",湖北之声
18602703263,61,2020-01-25 00:05:00,武汉市汉阳医院联系方式,"武汉市汉阳医院
王老师：18602703263
徐老师：18627869526
易老师：13971032861",湖北之声
18627869526,61,2020-01-25 00:05:00,武汉市汉阳医院联系方式,"武汉市汉阳医院
王老师：18602703263
徐老师：18627869526
易老师：13971032861",湖北之声
宣传科,62,2020-01-25 00:05:00,武汉市武昌医院联系方式,"武汉市武昌医院
宣传科袁老师：15972989707
宣传科周老师：13476230209
设备科肖老师：18986068369",湖北之声
老师,62,2020-01-25 00:05:00,武汉市武昌医院联系方式,"武汉市武昌医院
宣传科袁老师：15972989707
宣传科周老师：13476230209
设备科肖老师：18986068369",湖北之声
15972989707,62,2020-01-25 00:05:00,武汉市武昌医院联系方式,"武汉市武昌医院
宣传科袁老师：15972989707
宣传科周老师：13476230209
设备科肖老师：18986068369",湖北之声
杨松,63,2020-01-25 00:05:00,华润武钢总医院联系方式,"华润武钢总医院
联系人:杨松13701167157  徐钢13971690312 曾萍 13971695108",湖北之声
13701167157,63,2020-01-25 00:05:00,华润武钢总医院联系方式,"华润武钢总医院
联系人:杨松13701167157  徐钢13971690312 曾萍 13971695108",湖北之声
徐钢,63,2020-01-25 00:05:00,华润武钢总医院联系方式,"华润武钢总医院
联系人:杨松13701167157  徐钢13971690312 曾萍 13971695108",湖北之声
13971596535,64,2020-01-25 00:05:00,武汉科技大学附属天佑医院联系方式,"武汉科技大学附属天佑医院
联系人: 吴老师 13971596535 王老师 18202727432",湖北之声
18202727432,64,2020-01-25 00:05:00,武汉科技大学附属天佑医院联系方式,"武汉科技大学附属天佑医院
联系人: 吴老师 13971596535 王老师 18202727432",湖北之声
王老师,64,2020-01-25 00:05:00,武汉科技大学附属天佑医院联系方式,"武汉科技大学附属天佑医院
联系人: 吴老师 13971596535 王老师 18202727432",湖北之声
86,65,2020-01-25 00:05:00,湖北省第三人民医院联系方式,"湖北省第三人民医院 
联系方式：027-83743013
联系人：杨先生：+86 15102749696
              李先生：+86  18507106399",湖北之声
027,65,2020-01-25 00:05:00,湖北省第三人民医院联系方式,"湖北省第三人民医院 
联系方式：027-83743013
联系人：杨先生：+86 15102749696
              李先生：+86  18507106399",湖北之声
83743013,65,2020-01-25 00:05:00,湖北省第三人民医院联系方式,"湖北省第三人民医院 
联系方式：027-83743013
联系人：杨先生：+86 15102749696
              李先生：+86  18507106399",湖北之声
02767813010,66,2020-01-25 00:05:00,武汉大学中南医院联系方式,"张老师：02767813010
15072332328",湖北之声
15072332328,66,2020-01-25 00:05:00,武汉大学中南医院联系方式,"张老师：02767813010
15072332328",湖北之声
张老师,66,2020-01-25 00:05:00,武汉大学中南医院联系方式,"张老师：02767813010
15072332328",湖北之声
老师,67,2020-01-25 00:05:00,武汉大学人民医院联系方式,"医疗设备处：2788042293
潘老师：18672336467
洪老师：13297015094",湖北之声
2788042293,67,2020-01-25 00:05:00,武汉大学人民医院联系方式,"医疗设备处：2788042293
潘老师：18672336467
洪老师：13297015094",湖北之声
18672336467,67,2020-01-25 00:05:00,武汉大学人民医院联系方式,"医疗设备处：2788042293
潘老师：18672336467
洪老师：13297015094",湖北之声
老师,68,2020-01-25 00:05:00,华中科技大学同济医学院附属协和医院联系方式,"吕老师：13807138996
程老师：13971115010
支老师：13470037766",湖北之声
13807138996,68,2020-01-25 00:05:00,华中科技大学同济医学院附属协和医院联系方式,"吕老师：13807138996
程老师：13971115010
支老师：13470037766",湖北之声
13971115010,68,2020-01-25 00:05:00,华中科技大学同济医学院附属协和医院联系方式,"吕老师：13807138996
程老师：13971115010
支老师：13470037766",湖北之声
027,69,2020-01-25 00:05:00,武汉市第三医院联系方式,"武汉市第三医院联系方式
黄老师：027-68894855
15071372688",湖北之声
68894855,69,2020-01-25 00:05:00,武汉市第三医院联系方式,"武汉市第三医院联系方式
黄老师：027-68894855
15071372688",湖北之声
15071372688,69,2020-01-25 00:05:00,武汉市第三医院联系方式,"武汉市第三医院联系方式
黄老师：027-68894855
15071372688",湖北之声
肖顺华,70,2020-01-25 00:05:00,协和武汉红十字会医院联系方式,"协和武汉红十字会医院
肖顺华：18062519388",湖北之声
18062519388,70,2020-01-25 00:05:00,协和武汉红十字会医院联系方式,"协和武汉红十字会医院
肖顺华：18062519388",湖北之声
红十字会,70,2020-01-25 00:05:00,协和武汉红十字会医院联系方式,"协和武汉红十字会医院
肖顺华：18062519388",湖北之声
唐莉,71,2020-01-25 00:05:00,湖北省中医院联系方式,"湖北省中医院
唐莉：18986072142",湖北之声
18986072142,71,2020-01-25 00:05:00,湖北省中医院联系方式,"湖北省中医院
唐莉：18986072142",湖北之声
中医院,71,2020-01-25 00:05:00,湖北省中医院联系方式,"湖北省中医院
唐莉：18986072142",湖北之声
老师,72,2020-01-25 00:05:00,武汉市第一医院联系方式,"武汉市第一医院
设备科金老师：18171397656
曹老师：15827413206
袁老师：18372024857",湖北之声
科金,72,2020-01-25 00:05:00,武汉市第一医院联系方式,"武汉市第一医院
设备科金老师：18171397656
曹老师：15827413206
袁老师：18372024857",湖北之声
18171397656,72,2020-01-25 00:05:00,武汉市第一医院联系方式,"武汉市第一医院
设备科金老师：18171397656
曹老师：15827413206
袁老师：18372024857",湖北之声
18502764706,73,2020-01-25 00:05:00,湖北省儿童医疗中心联系方式,"湖北省儿童医疗中心
肖老师：18502764706
张老师：15623500317",湖北之声
15623500317,73,2020-01-25 00:05:00,湖北省儿童医疗中心联系方式,"湖北省儿童医疗中心
肖老师：18502764706
张老师：15623500317",湖北之声
张老师,73,2020-01-25 00:05:00,湖北省儿童医疗中心联系方式,"湖北省儿童医疗中心
肖老师：18502764706
张老师：15623500317",湖北之声
程功,74,2020-01-25 00:05:00,武汉亚洲心脏病医院联系方式,"武汉亚洲心脏病医院
联系人:程功13607190962  黄莉13995563935
联系电话:400-888-4027（免长途费）总机:027-65796888",湖北之声
13607190962,74,2020-01-25 00:05:00,武汉亚洲心脏病医院联系方式,"武汉亚洲心脏病医院
联系人:程功13607190962  黄莉13995563935
联系电话:400-888-4027（免长途费）总机:027-65796888",湖北之声
黄莉,74,2020-01-25 00:05:00,武汉亚洲心脏病医院联系方式,"武汉亚洲心脏病医院
联系人:程功13607190962  黄莉13995563935
联系电话:400-888-4027（免长途费）总机:027-65796888",湖北之声
财务处,75,2020-01-25 00:05:00,同济医院联系方式,"同济医院
联系人：财务处 何云飞
联系电话：133171788688",湖北之声
何云飞,75,2020-01-25 00:05:00,同济医院联系方式,"同济医院
联系人：财务处 何云飞
联系电话：133171788688",湖北之声
133171788688,75,2020-01-25 00:05:00,同济医院联系方式,"同济医院
联系人：财务处 何云飞
联系电话：133171788688",湖北之声
027,76,2020-01-25 13:00:00,武汉公安机关咨询服务热线,"可以24小时接受运送防控物资车辆求助
027-85396280
027-85395866",中国交通广播
24,76,2020-01-25 13:00:00,武汉公安机关咨询服务热线,"可以24小时接受运送防控物资车辆求助
027-85396280
027-85395866",中国交通广播
85396280,76,2020-01-25 13:00:00,武汉公安机关咨询服务热线,"可以24小时接受运送防控物资车辆求助
027-85396280
027-85395866",中国交通广播
办公厅,77,2020-01-26 01:00:00,天津要求公务人员提前结束假期,1月25日晚，天津市委办公厅、市政府办公厅印发《紧急通知》，要求所有公务人员提前结束假期，于1月27日零时前返回工作岗位，投入到疫情防控工作中来。,北京日报客户端
25,77,2020-01-26 01:00:00,天津要求公务人员提前结束假期,1月25日晚，天津市委办公厅、市政府办公厅印发《紧急通知》，要求所有公务人员提前结束假期，于1月27日零时前返回工作岗位，投入到疫情防控工作中来。,北京日报客户端
日晚,77,2020-01-26 01:00:00,天津要求公务人员提前结束假期,1月25日晚，天津市委办公厅、市政府办公厅印发《紧急通知》，要求所有公务人员提前结束假期，于1月27日零时前返回工作岗位，投入到疫情防控工作中来。,北京日报客户端
防控,78,2020-01-25 20:00:00,湖南一卫健局局长被停职,1 月 25 日下午，岳阳南湖新区召开党工委会议，会议决定，对在防控工作中信息报送不及时的区卫生健康局局长唐虎先予停职处理，接受相关部门调查，并对所有在防控工作中庸政懒政的公职人员严肃追责问责。,潇湘晨报
先予,78,2020-01-25 20:00:00,湖南一卫健局局长被停职,1 月 25 日下午，岳阳南湖新区召开党工委会议，会议决定，对在防控工作中信息报送不及时的区卫生健康局局长唐虎先予停职处理，接受相关部门调查，并对所有在防控工作中庸政懒政的公职人员严肃追责问责。,潇湘晨报
党工委,78,2020-01-25 20:00:00,湖南一卫健局局长被停职,1 月 25 日下午，岳阳南湖新区召开党工委会议，会议决定，对在防控工作中信息报送不及时的区卫生健康局局长唐虎先予停职处理，接受相关部门调查，并对所有在防控工作中庸政懒政的公职人员严肃追责问责。,潇湘晨报
病例,79,2020-01-26 00:06:00,辽宁新增1例确诊病例,2020年1月25日17时30分至23时，辽宁营口市新增1例输入性新型冠状病毒感染的肺炎确诊病例，该病例属轻症病例。,央视
冠状病毒,79,2020-01-26 00:06:00,辽宁新增1例确诊病例,2020年1月25日17时30分至23时，辽宁营口市新增1例输入性新型冠状病毒感染的肺炎确诊病例，该病例属轻症病例。,央视
2020,79,2020-01-26 00:06:00,辽宁新增1例确诊病例,2020年1月25日17时30分至23时，辽宁营口市新增1例输入性新型冠状病毒感染的肺炎确诊病例，该病例属轻症病例。,央视
冠状病毒,80,2020-01-26 01:00:00,广西新增10例确诊病例,2020年1月25日0-24时，广西报告新型冠状病毒感染的肺炎新增确诊病例10例，其中南宁市1例、柳州市1例、北海市1例、百色市1例、桂林5例、梧州1例。,人民网
2020,80,2020-01-26 01:00:00,广西新增10例确诊病例,2020年1月25日0-24时，广西报告新型冠状病毒感染的肺炎新增确诊病例10例，其中南宁市1例、柳州市1例、北海市1例、百色市1例、桂林5例、梧州1例。,人民网
25,80,2020-01-26 01:00:00,广西新增10例确诊病例,2020年1月25日0-24时，广西报告新型冠状病毒感染的肺炎新增确诊病例10例，其中南宁市1例、柳州市1例、北海市1例、百色市1例、桂林5例、梧州1例。,人民网
领事馆,81,2020-01-25 20:20:00,美国将包机从武汉撤离公民和外交官,《华尔街日报》援引一位知情人士的话说，这架载有约230人的飞机将搭载美国领事馆的外交官、美国公民及家属。报道称，经过近几天的谈判，中国外交部和其他政府机构批准了华盛顿的行动。美国还计划暂时关闭武汉领事馆。,环球时报
美国,81,2020-01-25 20:20:00,美国将包机从武汉撤离公民和外交官,《华尔街日报》援引一位知情人士的话说，这架载有约230人的飞机将搭载美国领事馆的外交官、美国公民及家属。报道称，经过近几天的谈判，中国外交部和其他政府机构批准了华盛顿的行动。美国还计划暂时关闭武汉领事馆。,环球时报
230,81,2020-01-25 20:20:00,美国将包机从武汉撤离公民和外交官,《华尔街日报》援引一位知情人士的话说，这架载有约230人的飞机将搭载美国领事馆的外交官、美国公民及家属。报道称，经过近几天的谈判，中国外交部和其他政府机构批准了华盛顿的行动。美国还计划暂时关闭武汉领事馆。,环球时报
冠状病毒,82,2020-01-25 18:07:00,新型冠状病毒中间宿主或为水貂,通过比较所有宿主在脊椎动物上的病毒传染模式，发现水貂病毒的传染性模式更接近新型冠状病毒。这说明，蝙蝠和水貂可能是新型冠状病毒的两个潜在宿主。, 新京报
水貂,82,2020-01-25 18:07:00,新型冠状病毒中间宿主或为水貂,通过比较所有宿主在脊椎动物上的病毒传染模式，发现水貂病毒的传染性模式更接近新型冠状病毒。这说明，蝙蝠和水貂可能是新型冠状病毒的两个潜在宿主。, 新京报
宿主,82,2020-01-25 18:07:00,新型冠状病毒中间宿主或为水貂,通过比较所有宿主在脊椎动物上的病毒传染模式，发现水貂病毒的传染性模式更接近新型冠状病毒。这说明，蝙蝠和水貂可能是新型冠状病毒的两个潜在宿主。, 新京报
医院,83,2020-01-25 17:00:00,武汉将再建一个“小汤山”医院,今天下午3点半，武汉市防疫指挥部举行调度会，决定在武汉蔡甸火神山医院之外，半个月之内再建一所“小汤山医院”——武汉雷神山医院，新增床位1300张。,人民日报
武汉,83,2020-01-25 17:00:00,武汉将再建一个“小汤山”医院,今天下午3点半，武汉市防疫指挥部举行调度会，决定在武汉蔡甸火神山医院之外，半个月之内再建一所“小汤山医院”——武汉雷神山医院，新增床位1300张。,人民日报
点半,83,2020-01-25 17:00:00,武汉将再建一个“小汤山”医院,今天下午3点半，武汉市防疫指挥部举行调度会，决定在武汉蔡甸火神山医院之外，半个月之内再建一所“小汤山医院”——武汉雷神山医院，新增床位1300张。,人民日报
口岸,84,2020-01-25 17:00:00,香港暂停来往武汉航班高铁,林郑月娥公布了几项防疫措施，包括无限期暂停来往武汉的航班、高铁直至疫情解决；扩大所有来自内地人士健康申报到所有口岸，包括中港码头、港澳码头、屯门码头、6个陆路口岸、港珠澳大桥；加强口岸体温检测及人手；研究落实离境人士体温检测。,海外网
码头,84,2020-01-25 17:00:00,香港暂停来往武汉航班高铁,林郑月娥公布了几项防疫措施，包括无限期暂停来往武汉的航班、高铁直至疫情解决；扩大所有来自内地人士健康申报到所有口岸，包括中港码头、港澳码头、屯门码头、6个陆路口岸、港珠澳大桥；加强口岸体温检测及人手；研究落实离境人士体温检测。,海外网
体温,84,2020-01-25 17:00:00,香港暂停来往武汉航班高铁,林郑月娥公布了几项防疫措施，包括无限期暂停来往武汉的航班、高铁直至疫情解决；扩大所有来自内地人士健康申报到所有口岸，包括中港码头、港澳码头、屯门码头、6个陆路口岸、港珠澳大桥；加强口岸体温检测及人手；研究落实离境人士体温检测。,海外网
改签,85,2020-01-25 11:47:00,新加坡辟谣“拒116名武汉旅客入境”,为116名乘客提供改签到杭州的酷航发表声明，由于飞往武汉的航班取消，酷航提供了全额退款和稍后改签回其它城市的可能。其中为110多人改签飞往杭州。,央视新闻
酷航,85,2020-01-25 11:47:00,新加坡辟谣“拒116名武汉旅客入境”,为116名乘客提供改签到杭州的酷航发表声明，由于飞往武汉的航班取消，酷航提供了全额退款和稍后改签回其它城市的可能。其中为110多人改签飞往杭州。,央视新闻
飞往,85,2020-01-25 11:47:00,新加坡辟谣“拒116名武汉旅客入境”,为116名乘客提供改签到杭州的酷航发表声明，由于飞往武汉的航班取消，酷航提供了全额退款和稍后改签回其它城市的可能。其中为110多人改签飞往杭州。,央视新闻
旅游,86,2020-01-25 21:28:00,全国旅行社团队游全部暂停,根据中国旅行社协会官方发布的消息：即日起，全国旅行社及在线旅游企业暂停经营团队旅游及“机票＋酒店”产品。已出行的旅游团队，可按合同约定继续完成行程。,央视新闻
团队,86,2020-01-25 21:28:00,全国旅行社团队游全部暂停,根据中国旅行社协会官方发布的消息：即日起，全国旅行社及在线旅游企业暂停经营团队旅游及“机票＋酒店”产品。已出行的旅游团队，可按合同约定继续完成行程。,央视新闻
中国旅行社,86,2020-01-25 21:28:00,全国旅行社团队游全部暂停,根据中国旅行社协会官方发布的消息：即日起，全国旅行社及在线旅游企业暂停经营团队旅游及“机票＋酒店”产品。已出行的旅游团队，可按合同约定继续完成行程。,央视新闻
检疫,87,2020-01-26 01:30:00,海关总署重启健康申明卡制度,出入境人员必须向海关卫生检疫部门进行健康申报，并配合做好体温监测、医学巡查、医学排查等卫生检疫工作。,海关总署
卫生,87,2020-01-26 01:30:00,海关总署重启健康申明卡制度,出入境人员必须向海关卫生检疫部门进行健康申报，并配合做好体温监测、医学巡查、医学排查等卫生检疫工作。,海关总署
医学,87,2020-01-26 01:30:00,海关总署重启健康申明卡制度,出入境人员必须向海关卫生检疫部门进行健康申报，并配合做好体温监测、医学巡查、医学排查等卫生检疫工作。,海关总署
北京市,88,2020-01-25 23:00:00,北京市所有省际道路客运全部停运,记者25日从北京市交通部门了解到：根据北京市疫情防控工作统一要求，26日起所有北京市省际道路客运全部采取停运措施。,长城网
25,88,2020-01-25 23:00:00,北京市所有省际道路客运全部停运,记者25日从北京市交通部门了解到：根据北京市疫情防控工作统一要求，26日起所有北京市省际道路客运全部采取停运措施。,长城网
26,88,2020-01-25 23:00:00,北京市所有省际道路客运全部停运,记者25日从北京市交通部门了解到：根据北京市疫情防控工作统一要求，26日起所有北京市省际道路客运全部采取停运措施。,长城网
17,89,2020-01-26 02:00:00,北京新增10例新型冠状病毒肺炎病例,25日17时至23时，北京新增10例新型冠状病毒感染的肺炎病例，均有湖北接触史，其中最年轻患者17岁。全市累计确诊病例51例。,北京卫健委
病例,89,2020-01-26 02:00:00,北京新增10例新型冠状病毒肺炎病例,25日17时至23时，北京新增10例新型冠状病毒感染的肺炎病例，均有湖北接触史，其中最年轻患者17岁。全市累计确诊病例51例。,北京卫健委
冠状病毒,89,2020-01-26 02:00:00,北京新增10例新型冠状病毒肺炎病例,25日17时至23时，北京新增10例新型冠状病毒感染的肺炎病例，均有湖北接触史，其中最年轻患者17岁。全市累计确诊病例51例。,北京卫健委
江西省,90,2020-01-26 02:30:00,江西新增新冠肺炎确诊病例18例,据江西省卫健委通报，1月25日0-24时，江西省报告新型冠状病毒感染的肺炎新增确诊病例18例（含重症病例2例）。,江西网络广播电视台
病例,90,2020-01-26 02:30:00,江西新增新冠肺炎确诊病例18例,据江西省卫健委通报，1月25日0-24时，江西省报告新型冠状病毒感染的肺炎新增确诊病例18例（含重症病例2例）。,江西网络广播电视台
冠状病毒,90,2020-01-26 02:30:00,江西新增新冠肺炎确诊病例18例,据江西省卫健委通报，1月25日0-24时，江西省报告新型冠状病毒感染的肺炎新增确诊病例18例（含重症病例2例）。,江西网络广播电视台
感染,91,2020-01-26 02:30:00,北京3名医生感染新冠病毒,北京疾控中心回应网传3名北京医生感染新冠病毒：确有3人感染，2人曾赴武汉出差，1人旅行时与前述病例座位相邻。,北京市疾病预防控制中心
网传,91,2020-01-26 02:30:00,北京3名医生感染新冠病毒,北京疾控中心回应网传3名北京医生感染新冠病毒：确有3人感染，2人曾赴武汉出差，1人旅行时与前述病例座位相邻。,北京市疾病预防控制中心
新冠,91,2020-01-26 02:30:00,北京3名医生感染新冠病毒,北京疾控中心回应网传3名北京医生感染新冠病毒：确有3人感染，2人曾赴武汉出差，1人旅行时与前述病例座位相邻。,北京市疾病预防控制中心
卫健委,92,2020-01-26 03:00:00,官方证实抗艾滋病药物用于新型肺炎治疗,北京卫健委证实，一款抗艾滋病药物在新型肺炎临床治疗中取得效果，北京有储备。,央广网
北京,92,2020-01-26 03:00:00,官方证实抗艾滋病药物用于新型肺炎治疗,北京卫健委证实，一款抗艾滋病药物在新型肺炎临床治疗中取得效果，北京有储备。,央广网
肺炎,92,2020-01-26 03:00:00,官方证实抗艾滋病药物用于新型肺炎治疗,北京卫健委证实，一款抗艾滋病药物在新型肺炎临床治疗中取得效果，北京有储备。,央广网
救治,93,2020-01-26 03:57:00,北京公布新型冠状病毒肺炎定点医院,市级定点医院为：北京地坛医院、北京佑安医院和解放军第五医学中心，负责确诊病例的医疗救治，今日在院患者39例。各区分别指定了区级定点医疗机构，按要求开展相关救治工作，尚未收治相关病例。,北京卫健委
病例,93,2020-01-26 03:57:00,北京公布新型冠状病毒肺炎定点医院,市级定点医院为：北京地坛医院、北京佑安医院和解放军第五医学中心，负责确诊病例的医疗救治，今日在院患者39例。各区分别指定了区级定点医疗机构，按要求开展相关救治工作，尚未收治相关病例。,北京卫健委
在院,93,2020-01-26 03:57:00,北京公布新型冠状病毒肺炎定点医院,市级定点医院为：北京地坛医院、北京佑安医院和解放军第五医学中心，负责确诊病例的医疗救治，今日在院患者39例。各区分别指定了区级定点医疗机构，按要求开展相关救治工作，尚未收治相关病例。,北京卫健委
冠状病毒,94,2020-01-26 05:50:00,澳大利亚寻找新冠病毒感染者同机乘客,澳大利亚新南威尔士州卫生部门正在紧急寻找数以百计20日从武汉飞抵悉尼的乘客。其中一名男子已经确诊感染了新型冠状病毒。 ,央视
20,94,2020-01-26 05:50:00,澳大利亚寻找新冠病毒感染者同机乘客,澳大利亚新南威尔士州卫生部门正在紧急寻找数以百计20日从武汉飞抵悉尼的乘客。其中一名男子已经确诊感染了新型冠状病毒。 ,央视
新南威尔士州,94,2020-01-26 05:50:00,澳大利亚寻找新冠病毒感染者同机乘客,澳大利亚新南威尔士州卫生部门正在紧急寻找数以百计20日从武汉飞抵悉尼的乘客。其中一名男子已经确诊感染了新型冠状病毒。 ,央视
声明,95,2020-01-26 07:26:00,路透社：加拿大确诊首例新冠病毒感染病例,据路透社刚刚消息，当地时间25日，加拿大政府在一份声明中表示，多伦多公共卫生局已收到通知，一名从武汉返回加拿大的居民被确诊感染新型冠状病毒。声明还称，“该患者病情稳定，并已入院治疗。”,环球网
冠状病毒,95,2020-01-26 07:26:00,路透社：加拿大确诊首例新冠病毒感染病例,据路透社刚刚消息，当地时间25日，加拿大政府在一份声明中表示，多伦多公共卫生局已收到通知，一名从武汉返回加拿大的居民被确诊感染新型冠状病毒。声明还称，“该患者病情稳定，并已入院治疗。”,环球网
25,95,2020-01-26 07:26:00,路透社：加拿大确诊首例新冠病毒感染病例,据路透社刚刚消息，当地时间25日，加拿大政府在一份声明中表示，多伦多公共卫生局已收到通知，一名从武汉返回加拿大的居民被确诊感染新型冠状病毒。声明还称，“该患者病情稳定，并已入院治疗。”,环球网
卫生部,96,2020-01-25 08:26:00,新型冠状病毒病例首现欧洲，法国已确诊三人感染,当地时间1月24日晚，法国社会团结与卫生部部长阿涅斯·布赞（Agnès Buzyn）宣布，法国确认两例新型冠状病毒感染的肺炎病例。第一例出现在波尔多市，第二例出现在巴黎，两人近期都去过中国。当天更晚些时候，卫生部又在巴黎新确诊一例。,界面
波尔多市,96,2020-01-25 08:26:00,新型冠状病毒病例首现欧洲，法国已确诊三人感染,当地时间1月24日晚，法国社会团结与卫生部部长阿涅斯·布赞（Agnès Buzyn）宣布，法国确认两例新型冠状病毒感染的肺炎病例。第一例出现在波尔多市，第二例出现在巴黎，两人近期都去过中国。当天更晚些时候，卫生部又在巴黎新确诊一例。,界面
巴黎,96,2020-01-25 08:26:00,新型冠状病毒病例首现欧洲，法国已确诊三人感染,当地时间1月24日晚，法国社会团结与卫生部部长阿涅斯·布赞（Agnès Buzyn）宣布，法国确认两例新型冠状病毒感染的肺炎病例。第一例出现在波尔多市，第二例出现在巴黎，两人近期都去过中国。当天更晚些时候，卫生部又在巴黎新确诊一例。,界面
口罩,97,2020-01-26 13:18:00,武汉市物资紧张情况已得到缓解,1月26日，记者从武汉市委常委会上获悉，当前，武汉市已到货并协调运送防护服1万件、N95口罩80万只、一次性医用口罩507.42万只、护目镜0.42万只，物资配备基本充足，紧张情况已得到缓解。下一步将按照轻重缓急，科学合理进行调配。 ​​​​,武汉发布
武汉市委,97,2020-01-26 13:18:00,武汉市物资紧张情况已得到缓解,1月26日，记者从武汉市委常委会上获悉，当前，武汉市已到货并协调运送防护服1万件、N95口罩80万只、一次性医用口罩507.42万只、护目镜0.42万只，物资配备基本充足，紧张情况已得到缓解。下一步将按照轻重缓急，科学合理进行调配。 ​​​​,武汉发布
护目镜,97,2020-01-26 13:18:00,武汉市物资紧张情况已得到缓解,1月26日，记者从武汉市委常委会上获悉，当前，武汉市已到货并协调运送防护服1万件、N95口罩80万只、一次性医用口罩507.42万只、护目镜0.42万只，物资配备基本充足，紧张情况已得到缓解。下一步将按照轻重缓急，科学合理进行调配。 ​​​​,武汉发布
5G,98,2020-01-26 13:25:00,"第二所“武汉小汤山”医院开通5G网 可保障1万人同
时通信",1月26日，截至今日中午12时，中国移动武汉分公司已完成军运村4G和5G优化工作，可保障1万人同时通信。这也是继第一家“武汉小汤山”火神山医院开通5G网络后，第二家开通5G网络的“武汉小汤山”医院。,腾讯新闻一线
小汤山,98,2020-01-26 13:25:00,"第二所“武汉小汤山”医院开通5G网 可保障1万人同
时通信",1月26日，截至今日中午12时，中国移动武汉分公司已完成军运村4G和5G优化工作，可保障1万人同时通信。这也是继第一家“武汉小汤山”火神山医院开通5G网络后，第二家开通5G网络的“武汉小汤山”医院。,腾讯新闻一线
武汉,98,2020-01-26 13:25:00,"第二所“武汉小汤山”医院开通5G网 可保障1万人同
时通信",1月26日，截至今日中午12时，中国移动武汉分公司已完成军运村4G和5G优化工作，可保障1万人同时通信。这也是继第一家“武汉小汤山”火神山医院开通5G网络后，第二家开通5G网络的“武汉小汤山”医院。,腾讯新闻一线
SARS,99,2020-01-26 13:29:00,中国疾控中心：新型肺炎不是SARS进化版,中国疾控中心病毒病所应急技术中心主任谭文杰表示，目前我们已经得到了几十个早期患者的新型冠状病毒全基因组序列，我们发现新型冠状病毒和SARS在进化上离得比较近，相当于SARS的远房亲戚。但我们认为，这次发现的新型病毒不是网上传言的SARS的进化版，是一种全新的病毒。,央视新闻
冠状病毒,99,2020-01-26 13:29:00,中国疾控中心：新型肺炎不是SARS进化版,中国疾控中心病毒病所应急技术中心主任谭文杰表示，目前我们已经得到了几十个早期患者的新型冠状病毒全基因组序列，我们发现新型冠状病毒和SARS在进化上离得比较近，相当于SARS的远房亲戚。但我们认为，这次发现的新型病毒不是网上传言的SARS的进化版，是一种全新的病毒。,央视新闻
病毒,99,2020-01-26 13:29:00,中国疾控中心：新型肺炎不是SARS进化版,中国疾控中心病毒病所应急技术中心主任谭文杰表示，目前我们已经得到了几十个早期患者的新型冠状病毒全基因组序列，我们发现新型冠状病毒和SARS在进化上离得比较近，相当于SARS的远房亲戚。但我们认为，这次发现的新型病毒不是网上传言的SARS的进化版，是一种全新的病毒。,央视新闻
床位,100,2020-01-26 13:52:00,火神山医院将整体移交军方管理 预计5日投入使用,1月26日，武汉市委常委会透露，当前，武汉版“小汤山”火神山医院建设正加紧进行，预计床位700-1000张。目前已完成建筑总平面、6个护理单元的基础图以及水电总图，并已提供施工单位现场施工，有望新增床位1300张。目前施工队已进场，预计2月2日可整体移交军方管理，2月5日可投入使用。,武汉发布
武汉市委,100,2020-01-26 13:52:00,火神山医院将整体移交军方管理 预计5日投入使用,1月26日，武汉市委常委会透露，当前，武汉版“小汤山”火神山医院建设正加紧进行，预计床位700-1000张。目前已完成建筑总平面、6个护理单元的基础图以及水电总图，并已提供施工单位现场施工，有望新增床位1300张。目前施工队已进场，预计2月2日可整体移交军方管理，2月5日可投入使用。,武汉发布
26,100,2020-01-26 13:52:00,火神山医院将整体移交军方管理 预计5日投入使用,1月26日，武汉市委常委会透露，当前，武汉版“小汤山”火神山医院建设正加紧进行，预计床位700-1000张。目前已完成建筑总平面、6个护理单元的基础图以及水电总图，并已提供施工单位现场施工，有望新增床位1300张。目前施工队已进场，预计2月2日可整体移交军方管理，2月5日可投入使用。,武汉发布
冠状病毒,101,2020-01-26 14:05:00,桂希恩：预计正月十五前武汉市疫情可能现“拐点”,武汉大学中南医院感染科教授桂希恩：新型冠状病毒完全能控制，而且比控制SARS快！预计正月十五前武汉市的疫情可能出现回落。,人民日报
桂希恩,101,2020-01-26 14:05:00,桂希恩：预计正月十五前武汉市疫情可能现“拐点”,武汉大学中南医院感染科教授桂希恩：新型冠状病毒完全能控制，而且比控制SARS快！预计正月十五前武汉市的疫情可能出现回落。,人民日报
SARS,101,2020-01-26 14:05:00,桂希恩：预计正月十五前武汉市疫情可能现“拐点”,武汉大学中南医院感染科教授桂希恩：新型冠状病毒完全能控制，而且比控制SARS快！预计正月十五前武汉市的疫情可能出现回落。,人民日报
疫情,102,2020-01-26 14:17:00,3部门：全国已禁止野生动物交易,为严防新型冠状病毒感染的肺炎疫情，阻断可能的传染源和传播途径，市场监管总局、农业农村部、国家林草局决定，自本公告发布之日起至全国疫情解除期间，禁止野生动物交易活动。,新京报
冠状病毒,102,2020-01-26 14:17:00,3部门：全国已禁止野生动物交易,为严防新型冠状病毒感染的肺炎疫情，阻断可能的传染源和传播途径，市场监管总局、农业农村部、国家林草局决定，自本公告发布之日起至全国疫情解除期间，禁止野生动物交易活动。,新京报
农村部,102,2020-01-26 14:17:00,3部门：全国已禁止野生动物交易,为严防新型冠状病毒感染的肺炎疫情，阻断可能的传染源和传播途径，市场监管总局、农业农村部、国家林草局决定，自本公告发布之日起至全国疫情解除期间，禁止野生动物交易活动。,新京报
冠状病毒,103,2020-01-26 14:39:00,中国疾控中心开始研发疫苗,中国疾控中心开始启动新型冠状病毒的疫苗研发，目前已经成功分离病毒，正在筛选种子毒株。此外，中国疾控中心正在进行新型冠状病毒肺炎的药物筛选。,新华社
疾控中心,103,2020-01-26 14:39:00,中国疾控中心开始研发疫苗,中国疾控中心开始启动新型冠状病毒的疫苗研发，目前已经成功分离病毒，正在筛选种子毒株。此外，中国疾控中心正在进行新型冠状病毒肺炎的药物筛选。,新华社
筛选,103,2020-01-26 14:39:00,中国疾控中心开始研发疫苗,中国疾控中心开始启动新型冠状病毒的疫苗研发，目前已经成功分离病毒，正在筛选种子毒株。此外，中国疾控中心正在进行新型冠状病毒肺炎的药物筛选。,新华社
病例,104,2020-01-26 16:45:00,辽宁累计确诊病例已达21例,2020年1月26日9时至15时，辽宁省新增2例新型冠状病毒感染的肺炎确诊病例，均为轻症病例。截至2020年1月26日15时，辽宁省累计报告新型冠状病毒感染的肺炎确诊病例21例，重症病例12例。,央视新闻
冠状病毒,104,2020-01-26 16:45:00,辽宁累计确诊病例已达21例,2020年1月26日9时至15时，辽宁省新增2例新型冠状病毒感染的肺炎确诊病例，均为轻症病例。截至2020年1月26日15时，辽宁省累计报告新型冠状病毒感染的肺炎确诊病例21例，重症病例12例。,央视新闻
2020,104,2020-01-26 16:45:00,辽宁累计确诊病例已达21例,2020年1月26日9时至15时，辽宁省新增2例新型冠状病毒感染的肺炎确诊病例，均为轻症病例。截至2020年1月26日15时，辽宁省累计报告新型冠状病毒感染的肺炎确诊病例21例，重症病例12例。,央视新闻
热线电话,105,2020-01-26 18:24:00,新冠肺炎心理热线27日启用 北师大心理咨询师提供服务,"北京师范大学心理学部针对新冠肺炎开通心理支持热线4001-888-976，旨在为全国需要心理支持的民众提供线上心理疏导服务。
据了解，热线电话均由经验丰富的咨询师接听，每次30分钟左右。热线电话开放时间为每天6时至24时，该热线将于1月27日早晨6点准时启用。",腾讯新闻一线
心理,105,2020-01-26 18:24:00,新冠肺炎心理热线27日启用 北师大心理咨询师提供服务,"北京师范大学心理学部针对新冠肺炎开通心理支持热线4001-888-976，旨在为全国需要心理支持的民众提供线上心理疏导服务。
据了解，热线电话均由经验丰富的咨询师接听，每次30分钟左右。热线电话开放时间为每天6时至24时，该热线将于1月27日早晨6点准时启用。",腾讯新闻一线
热线,105,2020-01-26 18:24:00,新冠肺炎心理热线27日启用 北师大心理咨询师提供服务,"北京师范大学心理学部针对新冠肺炎开通心理支持热线4001-888-976，旨在为全国需要心理支持的民众提供线上心理疏导服务。
据了解，热线电话均由经验丰富的咨询师接听，每次30分钟左右。热线电话开放时间为每天6时至24时，该热线将于1月27日早晨6点准时启用。",腾讯新闻一线
冠状病毒,106,2020-01-26 19:17:00,福建新增6例新型肺炎确诊病例,1月26日10时—15时，福建报告新增输入性新型冠状病毒感染的肺炎确诊病例6例。截至1月26日15时，福建省累计报告输入性新型冠状病毒感染的肺炎确诊病例35例（危重症1例、重症2例）。,人民日报
26,106,2020-01-26 19:17:00,福建新增6例新型肺炎确诊病例,1月26日10时—15时，福建报告新增输入性新型冠状病毒感染的肺炎确诊病例6例。截至1月26日15时，福建省累计报告输入性新型冠状病毒感染的肺炎确诊病例35例（危重症1例、重症2例）。,人民日报
15,106,2020-01-26 19:17:00,福建新增6例新型肺炎确诊病例,1月26日10时—15时，福建报告新增输入性新型冠状病毒感染的肺炎确诊病例6例。截至1月26日15时，福建省累计报告输入性新型冠状病毒感染的肺炎确诊病例35例（危重症1例、重症2例）。,人民日报
春节假期,107,2020-01-26 19:52:00,中央应对新型冠状病毒肺炎疫情工作领导小组：将适当延长春节假期,1月26日，中央应对新型冠状病毒感染肺炎疫情工作领导小组会议举行。会议指出，及早做好春节假期后疫情防控安排，适当延长春节假期，调整学校开学时间。,南方都市报
疫情,107,2020-01-26 19:52:00,中央应对新型冠状病毒肺炎疫情工作领导小组：将适当延长春节假期,1月26日，中央应对新型冠状病毒感染肺炎疫情工作领导小组会议举行。会议指出，及早做好春节假期后疫情防控安排，适当延长春节假期，调整学校开学时间。,南方都市报
冠状病毒,107,2020-01-26 19:52:00,中央应对新型冠状病毒肺炎疫情工作领导小组：将适当延长春节假期,1月26日，中央应对新型冠状病毒感染肺炎疫情工作领导小组会议举行。会议指出，及早做好春节假期后疫情防控安排，适当延长春节假期，调整学校开学时间。,南方都市报
检测,108,2020-01-26 21:38:00,武汉协和医院多名医护人员病毒核酸转阴,记者从华中科技大学同济医学院协和医院了解到，该院7名医护人员经过治疗后，初步检测结果显示，新型冠状病毒核酸检测已转阴，临床症状得到控制。,新华社
冠状病毒,108,2020-01-26 21:38:00,武汉协和医院多名医护人员病毒核酸转阴,记者从华中科技大学同济医学院协和医院了解到，该院7名医护人员经过治疗后，初步检测结果显示，新型冠状病毒核酸检测已转阴，临床症状得到控制。,新华社
华中科技大学,108,2020-01-26 21:38:00,武汉协和医院多名医护人员病毒核酸转阴,记者从华中科技大学同济医学院协和医院了解到，该院7名医护人员经过治疗后，初步检测结果显示，新型冠状病毒核酸检测已转阴，临床症状得到控制。,新华社
疫情,109,2020-01-26 22:38:00,武汉市长：目前有500多万人离开武汉 还有900万人留在城里,26日晚，湖北省人民政府新闻办公室就新型冠状病毒感染的肺炎疫情防控工作召开新闻发布会。武汉市长周先旺表示，因为春节和疫情的影响，目前有500多万人离开武汉，还有900万人留在城里。,红星新闻
冠状病毒,109,2020-01-26 22:38:00,武汉市长：目前有500多万人离开武汉 还有900万人留在城里,26日晚，湖北省人民政府新闻办公室就新型冠状病毒感染的肺炎疫情防控工作召开新闻发布会。武汉市长周先旺表示，因为春节和疫情的影响，目前有500多万人离开武汉，还有900万人留在城里。,红星新闻
26,109,2020-01-26 22:38:00,武汉市长：目前有500多万人离开武汉 还有900万人留在城里,26日晚，湖北省人民政府新闻办公室就新型冠状病毒感染的肺炎疫情防控工作召开新闻发布会。武汉市长周先旺表示，因为春节和疫情的影响，目前有500多万人离开武汉，还有900万人留在城里。,红星新闻
留观,110,2020-01-26 22:42:00,武汉市长周先旺：新型冠状病毒肺炎确诊病例可能再增加1000例,武汉市委副书记、市长周先旺：现在还有2209位在院治疗的疑似病例还没有得到检测，还有643人在我们的发热门诊留观，所以这两项加起来就将近2700多例，这里面可能能够确诊的估计在45%左右，所以在这个533例之外，有可能将会就目前收治的和留观的有可能还会增加1000例左右。,央视新闻
武汉市委,110,2020-01-26 22:42:00,武汉市长周先旺：新型冠状病毒肺炎确诊病例可能再增加1000例,武汉市委副书记、市长周先旺：现在还有2209位在院治疗的疑似病例还没有得到检测，还有643人在我们的发热门诊留观，所以这两项加起来就将近2700多例，这里面可能能够确诊的估计在45%左右，所以在这个533例之外，有可能将会就目前收治的和留观的有可能还会增加1000例左右。,央视新闻
疑似病例,110,2020-01-26 22:42:00,武汉市长周先旺：新型冠状病毒肺炎确诊病例可能再增加1000例,武汉市委副书记、市长周先旺：现在还有2209位在院治疗的疑似病例还没有得到检测，还有643人在我们的发热门诊留观，所以这两项加起来就将近2700多例，这里面可能能够确诊的估计在45%左右，所以在这个533例之外，有可能将会就目前收治的和留观的有可能还会增加1000例左右。,央视新闻
26,111,2020-01-26 22:48:00,北京确诊病例累计68例,1月26日18时至21时，北京新增5例新型冠状病毒感染的肺炎病例，其中2名为此前确诊病例的密切接触者，目前均已送至定点医疗机构进行救治。截至1月26日21时，本市累计确诊病例68例。,央视新闻
21,111,2020-01-26 22:48:00,北京确诊病例累计68例,1月26日18时至21时，北京新增5例新型冠状病毒感染的肺炎病例，其中2名为此前确诊病例的密切接触者，目前均已送至定点医疗机构进行救治。截至1月26日21时，本市累计确诊病例68例。,央视新闻
病例,111,2020-01-26 22:48:00,北京确诊病例累计68例,1月26日18时至21时，北京新增5例新型冠状病毒感染的肺炎病例，其中2名为此前确诊病例的密切接触者，目前均已送至定点医疗机构进行救治。截至1月26日21时，本市累计确诊病例68例。,央视新闻
冠状病毒,112,2020-01-26 23:14:00,新型肺炎确诊病例首现9个月婴儿,1月26日18时至21时，北京新增5例新型冠状病毒感染的肺炎病例，其中有一名9个月大女婴。,央视新闻
26,112,2020-01-26 23:14:00,新型肺炎确诊病例首现9个月婴儿,1月26日18时至21时，北京新增5例新型冠状病毒感染的肺炎病例，其中有一名9个月大女婴。,央视新闻
18,112,2020-01-26 23:14:00,新型肺炎确诊病例首现9个月婴儿,1月26日18时至21时，北京新增5例新型冠状病毒感染的肺炎病例，其中有一名9个月大女婴。,央视新闻
病例,113,2020-01-27 00:35:00,辽宁盘锦新增1例确诊病例,辽宁省盘锦市新增1例输入性新型冠状病毒感染的肺炎确诊病例，该病例属轻症病例。,央视新闻
盘锦市,113,2020-01-27 00:35:00,辽宁盘锦新增1例确诊病例,辽宁省盘锦市新增1例输入性新型冠状病毒感染的肺炎确诊病例，该病例属轻症病例。,央视新闻
冠状病毒,113,2020-01-27 00:35:00,辽宁盘锦新增1例确诊病例,辽宁省盘锦市新增1例输入性新型冠状病毒感染的肺炎确诊病例，该病例属轻症病例。,央视新闻
春节假期,114,2020-01-27 02:30:00,2020年春节假期延长至2月2日,延长2020年春节假期至2月2日（农历正月初九，星期日），2月3日（星期一）起正常上班。,央视新闻
2020,114,2020-01-27 02:30:00,2020年春节假期延长至2月2日,延长2020年春节假期至2月2日（农历正月初九，星期日），2月3日（星期一）起正常上班。,央视新闻
正月初,114,2020-01-27 02:30:00,2020年春节假期延长至2月2日,延长2020年春节假期至2月2日（农历正月初九，星期日），2月3日（星期一）起正常上班。,央视新闻
病例,115,2020-01-27 06:00:00,湖北新增新冠肺炎确诊病例371例,"截至1月26日24时，湖北省累计报告新型冠状病毒感染的肺炎确诊病例1423例，重症病例221例，危重症病例69例，死亡病例76例,出院病例44例。",湖北卫健委
冠状病毒,115,2020-01-27 06:00:00,湖北新增新冠肺炎确诊病例371例,"截至1月26日24时，湖北省累计报告新型冠状病毒感染的肺炎确诊病例1423例，重症病例221例，危重症病例69例，死亡病例76例,出院病例44例。",湖北卫健委
26,115,2020-01-27 06:00:00,湖北新增新冠肺炎确诊病例371例,"截至1月26日24时，湖北省累计报告新型冠状病毒感染的肺炎确诊病例1423例，重症病例221例，危重症病例69例，死亡病例76例,出院病例44例。",湖北卫健委
火神,116,2020-01-27 07:21:00,武汉速度！火神山医院开始浇灌首块地坪,26日，位于武汉市蔡甸区知音湖大道的武汉火神山医院的建设现场，千余名建筑工人鏖战正酣。据了解，火神山医院预计床位700-1000张，2月2日可整体移交军方管理。,武汉发布
26,116,2020-01-27 07:21:00,武汉速度！火神山医院开始浇灌首块地坪,26日，位于武汉市蔡甸区知音湖大道的武汉火神山医院的建设现场，千余名建筑工人鏖战正酣。据了解，火神山医院预计床位700-1000张，2月2日可整体移交军方管理。,武汉发布
蔡甸区,116,2020-01-27 07:21:00,武汉速度！火神山医院开始浇灌首块地坪,26日，位于武汉市蔡甸区知音湖大道的武汉火神山医院的建设现场，千余名建筑工人鏖战正酣。据了解，火神山医院预计床位700-1000张，2月2日可整体移交军方管理。,武汉发布
余甜,117,2020-01-27 08:03:00,华南海鲜市场背后总裁：名下29家公司 任20家公司股东,新型冠状病毒被指来自于武汉市华南海鲜批发市场。据媒体报道，华南海鲜市场隶属武汉华南置业集团有限公司，法定代表人为余甜，股东余其泽系余甜的弟弟。天眼查显示，余甜本人名下共有29家公司，担任20家公司的股东。,新京报
华南,117,2020-01-27 08:03:00,华南海鲜市场背后总裁：名下29家公司 任20家公司股东,新型冠状病毒被指来自于武汉市华南海鲜批发市场。据媒体报道，华南海鲜市场隶属武汉华南置业集团有限公司，法定代表人为余甜，股东余其泽系余甜的弟弟。天眼查显示，余甜本人名下共有29家公司，担任20家公司的股东。,新京报
海鲜,117,2020-01-27 08:03:00,华南海鲜市场背后总裁：名下29家公司 任20家公司股东,新型冠状病毒被指来自于武汉市华南海鲜批发市场。据媒体报道，华南海鲜市场隶属武汉华南置业集团有限公司，法定代表人为余甜，股东余其泽系余甜的弟弟。天眼查显示，余甜本人名下共有29家公司，担任20家公司的股东。,新京报
疫情,118,2020-01-27 08:47:00,银保监会：对于受疫情影响较大的行业，不得盲目抽贷断贷压贷,银保监会深夜发文加强金融服务，通知明确要求，对于受疫情影响较大的批发零售、住宿餐饮、物流运输、文化旅游等行业，以及有发展前景但暂时受困的企业，不得盲目抽贷、断贷、压贷。通知称，鼓励通过适当下调贷款利率、完善续贷政策安排、增加信用贷款和中长期贷款等方式，支持相关企业战胜疫情灾害影响。,澎湃新闻
通知,118,2020-01-27 08:47:00,银保监会：对于受疫情影响较大的行业，不得盲目抽贷断贷压贷,银保监会深夜发文加强金融服务，通知明确要求，对于受疫情影响较大的批发零售、住宿餐饮、物流运输、文化旅游等行业，以及有发展前景但暂时受困的企业，不得盲目抽贷、断贷、压贷。通知称，鼓励通过适当下调贷款利率、完善续贷政策安排、增加信用贷款和中长期贷款等方式，支持相关企业战胜疫情灾害影响。,澎湃新闻
抽贷,118,2020-01-27 08:47:00,银保监会：对于受疫情影响较大的行业，不得盲目抽贷断贷压贷,银保监会深夜发文加强金融服务，通知明确要求，对于受疫情影响较大的批发零售、住宿餐饮、物流运输、文化旅游等行业，以及有发展前景但暂时受困的企业，不得盲目抽贷、断贷、压贷。通知称，鼓励通过适当下调贷款利率、完善续贷政策安排、增加信用贷款和中长期贷款等方式，支持相关企业战胜疫情灾害影响。,澎湃新闻
出入境,119,2020-01-27 09:04:00,武汉暂停受理出入境业务,武汉市公安局出入境管理局消息，为加强新型冠状病毒感染的疫情防控工作，接上级通知，暂定从即日起至1月30日（大年初六），全市各级出入境管理窗口停办各类中国公民出入境业务，港澳台自助签注机服务一律关闭停用。启用时间另行通知。,澎湃新闻
签注,119,2020-01-27 09:04:00,武汉暂停受理出入境业务,武汉市公安局出入境管理局消息，为加强新型冠状病毒感染的疫情防控工作，接上级通知，暂定从即日起至1月30日（大年初六），全市各级出入境管理窗口停办各类中国公民出入境业务，港澳台自助签注机服务一律关闭停用。启用时间另行通知。,澎湃新闻
冠状病毒,119,2020-01-27 09:04:00,武汉暂停受理出入境业务,武汉市公安局出入境管理局消息，为加强新型冠状病毒感染的疫情防控工作，接上级通知，暂定从即日起至1月30日（大年初六），全市各级出入境管理窗口停办各类中国公民出入境业务，港澳台自助签注机服务一律关闭停用。启用时间另行通知。,澎湃新闻
冠状病毒,120,2020-01-27 09:28:00,国家发改委紧急下达中央预算内投资3亿元支持湖北做好疫情应对工作,国家发展改革委27日称，按照中央应对新型冠状病毒感染肺炎疫情工作领导小组总体部署，国家发改委依据联防联控工作机制，紧急下达中央预算内投资3亿元，专项补助收治新型冠状病毒感染肺炎患者的武汉火神山医院和武汉雷神山医院项目建设，重点用于购买重要医疗设备，为实现“集中患者、集中专家、集中资源、集中救治”提供设施保障。,新华社
集中,120,2020-01-27 09:28:00,国家发改委紧急下达中央预算内投资3亿元支持湖北做好疫情应对工作,国家发展改革委27日称，按照中央应对新型冠状病毒感染肺炎疫情工作领导小组总体部署，国家发改委依据联防联控工作机制，紧急下达中央预算内投资3亿元，专项补助收治新型冠状病毒感染肺炎患者的武汉火神山医院和武汉雷神山医院项目建设，重点用于购买重要医疗设备，为实现“集中患者、集中专家、集中资源、集中救治”提供设施保障。,新华社
肺炎,120,2020-01-27 09:28:00,国家发改委紧急下达中央预算内投资3亿元支持湖北做好疫情应对工作,国家发展改革委27日称，按照中央应对新型冠状病毒感染肺炎疫情工作领导小组总体部署，国家发改委依据联防联控工作机制，紧急下达中央预算内投资3亿元，专项补助收治新型冠状病毒感染肺炎患者的武汉火神山医院和武汉雷神山医院项目建设，重点用于购买重要医疗设备，为实现“集中患者、集中专家、集中资源、集中救治”提供设施保障。,新华社
试剂盒,121,2020-01-27 10:14:00,新冠肺炎试剂盒正式获批直供医院，确诊时间有望缩短至2小时,1月26日晚间，上海之江生物科技股份有限公司、上海捷诺生物科技有限公司、华大基因和华大智造研发的2019新型冠状病毒核酸检测试剂盒获得了国家药监局的上市批准，这意味着检测试剂盒拿到正式的批件，可以直接在医院使用。,经济观察报
检测,121,2020-01-27 10:14:00,新冠肺炎试剂盒正式获批直供医院，确诊时间有望缩短至2小时,1月26日晚间，上海之江生物科技股份有限公司、上海捷诺生物科技有限公司、华大基因和华大智造研发的2019新型冠状病毒核酸检测试剂盒获得了国家药监局的上市批准，这意味着检测试剂盒拿到正式的批件，可以直接在医院使用。,经济观察报
冠状病毒,121,2020-01-27 10:14:00,新冠肺炎试剂盒正式获批直供医院，确诊时间有望缩短至2小时,1月26日晚间，上海之江生物科技股份有限公司、上海捷诺生物科技有限公司、华大基因和华大智造研发的2019新型冠状病毒核酸检测试剂盒获得了国家药监局的上市批准，这意味着检测试剂盒拿到正式的批件，可以直接在医院使用。,经济观察报
省际,122,2020-01-27 10:45:00,重庆市暂停全市省际道路客运班车和省际客运包车运营,自2020年1月27日12:00时起，重庆市暂停全市省际道路客运班车和省际客运包车运营。,上游新闻
客运,122,2020-01-27 10:45:00,重庆市暂停全市省际道路客运班车和省际客运包车运营,自2020年1月27日12:00时起，重庆市暂停全市省际道路客运班车和省际客运包车运营。,上游新闻
2020,122,2020-01-27 10:45:00,重庆市暂停全市省际道路客运班车和省际客运包车运营,自2020年1月27日12:00时起，重庆市暂停全市省际道路客运班车和省际客运包车运营。,上游新闻
医疗队,123,2020-01-27 11:08:00,7省市959人医疗队驰援武汉,国家卫健委介绍：国家卫健委已组建河南、吉林、辽宁、山西、陕西、天津、重庆等7省市医疗队共959人赴武汉支持医疗救治，继续筹备后续医疗队。,央视新闻
卫健委,123,2020-01-27 11:08:00,7省市959人医疗队驰援武汉,国家卫健委介绍：国家卫健委已组建河南、吉林、辽宁、山西、陕西、天津、重庆等7省市医疗队共959人赴武汉支持医疗救治，继续筹备后续医疗队。,央视新闻
卫健委已,123,2020-01-27 11:08:00,7省市959人医疗队驰援武汉,国家卫健委介绍：国家卫健委已组建河南、吉林、辽宁、山西、陕西、天津、重庆等7省市医疗队共959人赴武汉支持医疗救治，继续筹备后续医疗队。,央视新闻
疫情,124,2020-01-27 11:12:00,李克强来到武汉,1月27日农历正月初三，受习近平总书记委托，中共中央政治局常委、国务院总理、中央应对新型冠状病毒感染肺炎疫情工作领导小组组长李克强来到武汉，考察指导疫情防控工作，看望慰问患者和奋战在一线的医护人员。 ​​​​,央视新闻
冠状病毒,124,2020-01-27 11:12:00,李克强来到武汉,1月27日农历正月初三，受习近平总书记委托，中共中央政治局常委、国务院总理、中央应对新型冠状病毒感染肺炎疫情工作领导小组组长李克强来到武汉，考察指导疫情防控工作，看望慰问患者和奋战在一线的医护人员。 ​​​​,央视新闻
27,124,2020-01-27 11:12:00,李克强来到武汉,1月27日农历正月初三，受习近平总书记委托，中共中央政治局常委、国务院总理、中央应对新型冠状病毒感染肺炎疫情工作领导小组组长李克强来到武汉，考察指导疫情防控工作，看望慰问患者和奋战在一线的医护人员。 ​​​​,央视新闻
红十字会,125,2020-01-27 11:20:00,武汉红十字会辟谣：未收取捐赠服务费,1月27日凌晨，武汉红十字会通过官方微博@博爱江城 发表声明，表示所有工作流程中均不存在任何收费现象，网传“武汉市红十字会向上海医疗队收取6%—8%捐赠服务费，否则拒收防护服等医疗物资”是谣言。 ​​​​,环球时报
27,125,2020-01-27 11:20:00,武汉红十字会辟谣：未收取捐赠服务费,1月27日凌晨，武汉红十字会通过官方微博@博爱江城 发表声明，表示所有工作流程中均不存在任何收费现象，网传“武汉市红十字会向上海医疗队收取6%—8%捐赠服务费，否则拒收防护服等医疗物资”是谣言。 ​​​​,环球时报
微博,125,2020-01-27 11:20:00,武汉红十字会辟谣：未收取捐赠服务费,1月27日凌晨，武汉红十字会通过官方微博@博爱江城 发表声明，表示所有工作流程中均不存在任何收费现象，网传“武汉市红十字会向上海医疗队收取6%—8%捐赠服务费，否则拒收防护服等医疗物资”是谣言。 ​​​​,环球时报
2020,126,2020-01-27 11:33:00,春节假期调整，铁路部门再出火车票免费退票措施,为落实国务院2020年春节假期延长安排，中国国家铁路集团有限公司决定，自2020年1月28日0时起，此前在车站、12306网站等各渠道，已购买的全国铁路火车票，旅客自愿改变行程需退票的，铁路部门均不收取退票手续费，购买铁路乘意险的一同办理。,中国新闻网
退票,126,2020-01-27 11:33:00,春节假期调整，铁路部门再出火车票免费退票措施,为落实国务院2020年春节假期延长安排，中国国家铁路集团有限公司决定，自2020年1月28日0时起，此前在车站、12306网站等各渠道，已购买的全国铁路火车票，旅客自愿改变行程需退票的，铁路部门均不收取退票手续费，购买铁路乘意险的一同办理。,中国新闻网
铁路,126,2020-01-27 11:33:00,春节假期调整，铁路部门再出火车票免费退票措施,为落实国务院2020年春节假期延长安排，中国国家铁路集团有限公司决定，自2020年1月28日0时起，此前在车站、12306网站等各渠道，已购买的全国铁路火车票，旅客自愿改变行程需退票的，铁路部门均不收取退票手续费，购买铁路乘意险的一同办理。,中国新闻网
医学观察,127,2020-01-27 11:48:00,山东首例确诊新型冠状病毒肺炎病例已临床治愈,记者从省政府新闻办今天举行的发布会上获悉，山东首例确诊病例已临床治愈！截至目前，累计追踪到密切接触者1544人，已解除医学观察11人，尚有1533人正在接受医学观察。,齐鲁网
1544,127,2020-01-27 11:48:00,山东首例确诊新型冠状病毒肺炎病例已临床治愈,记者从省政府新闻办今天举行的发布会上获悉，山东首例确诊病例已临床治愈！截至目前，累计追踪到密切接触者1544人，已解除医学观察11人，尚有1533人正在接受医学观察。,齐鲁网
11,127,2020-01-27 11:48:00,山东首例确诊新型冠状病毒肺炎病例已临床治愈,记者从省政府新闻办今天举行的发布会上获悉，山东首例确诊病例已临床治愈！截至目前，累计追踪到密切接触者1544人，已解除医学观察11人，尚有1533人正在接受医学观察。,齐鲁网
出院,128,2020-01-27 11:58:00,江西首例确诊患者治愈出院,今天，经医护人员精心诊治和护理，南昌大学第一附属医院接诊的一例新型冠状病毒感染肺炎患者救治情况良好，符合出院标准，于今日出院。据悉，该患者为男性，38岁，江西新干人。,央视新闻
患者,128,2020-01-27 11:58:00,江西首例确诊患者治愈出院,今天，经医护人员精心诊治和护理，南昌大学第一附属医院接诊的一例新型冠状病毒感染肺炎患者救治情况良好，符合出院标准，于今日出院。据悉，该患者为男性，38岁，江西新干人。,央视新闻
冠状病毒,128,2020-01-27 11:58:00,江西首例确诊患者治愈出院,今天，经医护人员精心诊治和护理，南昌大学第一附属医院接诊的一例新型冠状病毒感染肺炎患者救治情况良好，符合出院标准，于今日出院。据悉，该患者为男性，38岁，江西新干人。,央视新闻
疫情,129,2020-01-27 12:40:00,总理领喊：武汉加油！武汉加油！武汉加油！,1月27日农历正月初三，受习近平总书记委托，中共中央政治局常委、国务院总理、中央应对新型冠状病毒感染肺炎疫情工作领导小组组长李克强来到武汉，考察指导疫情防控工作，看望慰问患者和奋战在一线的医护人员。,武汉发布
冠状病毒,129,2020-01-27 12:40:00,总理领喊：武汉加油！武汉加油！武汉加油！,1月27日农历正月初三，受习近平总书记委托，中共中央政治局常委、国务院总理、中央应对新型冠状病毒感染肺炎疫情工作领导小组组长李克强来到武汉，考察指导疫情防控工作，看望慰问患者和奋战在一线的医护人员。,武汉发布
27,129,2020-01-27 12:40:00,总理领喊：武汉加油！武汉加油！武汉加油！,1月27日农历正月初三，受习近平总书记委托，中共中央政治局常委、国务院总理、中央应对新型冠状病毒感染肺炎疫情工作领导小组组长李克强来到武汉，考察指导疫情防控工作，看望慰问患者和奋战在一线的医护人员。,武汉发布
还款,130,2020-01-27 12:50:00,银保监会：受疫情影响暂无收入人群可合理延后还房贷,1月26日，银保监会下发通知，要求银行业保险业金融服务全力配合做好新型冠状病毒感染的肺炎疫情防控工作。通知指出，对受疫情影响暂时失去收入来源的人群，要在信贷政策上予以适当倾斜，灵活调整住房按揭、信用卡等个人信贷还款安排，合理延后还款期限。,环球时报
疫情,130,2020-01-27 12:50:00,银保监会：受疫情影响暂无收入人群可合理延后还房贷,1月26日，银保监会下发通知，要求银行业保险业金融服务全力配合做好新型冠状病毒感染的肺炎疫情防控工作。通知指出，对受疫情影响暂时失去收入来源的人群，要在信贷政策上予以适当倾斜，灵活调整住房按揭、信用卡等个人信贷还款安排，合理延后还款期限。,环球时报
冠状病毒,130,2020-01-27 12:50:00,银保监会：受疫情影响暂无收入人群可合理延后还房贷,1月26日，银保监会下发通知，要求银行业保险业金融服务全力配合做好新型冠状病毒感染的肺炎疫情防控工作。通知指出，对受疫情影响暂时失去收入来源的人群，要在信贷政策上予以适当倾斜，灵活调整住房按揭、信用卡等个人信贷还款安排，合理延后还款期限。,环球时报
医疗队,131,2020-01-27 13:01:00,出征！福建135人医疗队驰援武汉！,1月27日上午，福建首批医疗队驰援武汉！这是1月25日晚国家卫健委要求福建省组派医疗队援助湖北应对新型冠状病毒感染的肺炎疫情之后，短短24小时内即组建而成的医疗“精锐部队”。全队共有135名医务人员，均来自三级综合医院和承担传染病救治任务的传染病专科医院。,环球时报
传染病,131,2020-01-27 13:01:00,出征！福建135人医疗队驰援武汉！,1月27日上午，福建首批医疗队驰援武汉！这是1月25日晚国家卫健委要求福建省组派医疗队援助湖北应对新型冠状病毒感染的肺炎疫情之后，短短24小时内即组建而成的医疗“精锐部队”。全队共有135名医务人员，均来自三级综合医院和承担传染病救治任务的传染病专科医院。,环球时报
冠状病毒,131,2020-01-27 13:01:00,出征！福建135人医疗队驰援武汉！,1月27日上午，福建首批医疗队驰援武汉！这是1月25日晚国家卫健委要求福建省组派医疗队援助湖北应对新型冠状病毒感染的肺炎疫情之后，短短24小时内即组建而成的医疗“精锐部队”。全队共有135名医务人员，均来自三级综合医院和承担传染病救治任务的传染病专科医院。,环球时报
泵车,132,2020-01-27 13:03:00,武汉火神山医院土方工作基本结束 下午搭建第一批箱式板房,记者从施工现场获悉，用于收治“新型冠状病毒肺炎”的武汉火神山临时医院，正在紧张施工，目前“土方工作基本已经结束，泵车在送混凝土打地面”，今日下午将开始“第一批箱式板房搭设”。,财联社
冠状病毒,132,2020-01-27 13:03:00,武汉火神山医院土方工作基本结束 下午搭建第一批箱式板房,记者从施工现场获悉，用于收治“新型冠状病毒肺炎”的武汉火神山临时医院，正在紧张施工，目前“土方工作基本已经结束，泵车在送混凝土打地面”，今日下午将开始“第一批箱式板房搭设”。,财联社
搭设,132,2020-01-27 13:03:00,武汉火神山医院土方工作基本结束 下午搭建第一批箱式板房,记者从施工现场获悉，用于收治“新型冠状病毒肺炎”的武汉火神山临时医院，正在紧张施工，目前“土方工作基本已经结束，泵车在送混凝土打地面”，今日下午将开始“第一批箱式板房搭设”。,财联社
签注,133,2020-01-27 13:05:00,国家移民管理局：武汉已连续4日无旅客出境,据国家移民管理局，湖北省已暂停受理出入境证件以及往来港澳台签注申请，武汉已连续4日无旅客出境。,财联社
港澳台,133,2020-01-27 13:05:00,国家移民管理局：武汉已连续4日无旅客出境,据国家移民管理局，湖北省已暂停受理出入境证件以及往来港澳台签注申请，武汉已连续4日无旅客出境。,财联社
出入境,133,2020-01-27 13:05:00,国家移民管理局：武汉已连续4日无旅客出境,据国家移民管理局，湖北省已暂停受理出入境证件以及往来港澳台签注申请，武汉已连续4日无旅客出境。,财联社
另行通知,134,2020-01-27 14:12:00,河南全省学校推迟开学，具体开学时间另行通知,今天，河南省教育厅发布紧急通知，全省学校推迟开学，具体时间另行通知。,央视新闻
紧急通知,134,2020-01-27 14:12:00,河南全省学校推迟开学，具体开学时间另行通知,今天，河南省教育厅发布紧急通知，全省学校推迟开学，具体时间另行通知。,央视新闻
教育厅,134,2020-01-27 14:12:00,河南全省学校推迟开学，具体开学时间另行通知,今天，河南省教育厅发布紧急通知，全省学校推迟开学，具体时间另行通知。,央视新闻
工程车,135,2020-01-27 14:20:00,河南版小汤山医院开建，工作人员称10天内建成,为遏制新型冠状病毒疫情蔓延扩散，河南将改造原郑州市第一人民医院港区医院老院区，建设河南版“小汤山医院”。现场近50辆工程车已经准备就绪，十余台工程车正紧张作业。工作人员称，“昨天已经动工，要求工期不超过10天。”,大象融媒
医院,135,2020-01-27 14:20:00,河南版小汤山医院开建，工作人员称10天内建成,为遏制新型冠状病毒疫情蔓延扩散，河南将改造原郑州市第一人民医院港区医院老院区，建设河南版“小汤山医院”。现场近50辆工程车已经准备就绪，十余台工程车正紧张作业。工作人员称，“昨天已经动工，要求工期不超过10天。”,大象融媒
冠状病毒,135,2020-01-27 14:20:00,河南版小汤山医院开建，工作人员称10天内建成,为遏制新型冠状病毒疫情蔓延扩散，河南将改造原郑州市第一人民医院港区医院老院区，建设河南版“小汤山医院”。现场近50辆工程车已经准备就绪，十余台工程车正紧张作业。工作人员称，“昨天已经动工，要求工期不超过10天。”,大象融媒
冠状病毒,136,2020-01-27 14:35:00,澳大利亚确诊第5例新型肺炎,澳大利亚新南威尔士州卫生部门确认了悉尼的一例新型冠状病毒感染的肺炎病例。最新的病例是一名21岁的中国女性，她上周从武汉飞抵悉尼，并在24小时内出现症状。至此，澳大利亚新型冠状病毒感染确诊病例上升到5例，其中新南威尔士州4例，维多利亚州1例。 ​​​​,人民日报
病例,136,2020-01-27 14:35:00,澳大利亚确诊第5例新型肺炎,澳大利亚新南威尔士州卫生部门确认了悉尼的一例新型冠状病毒感染的肺炎病例。最新的病例是一名21岁的中国女性，她上周从武汉飞抵悉尼，并在24小时内出现症状。至此，澳大利亚新型冠状病毒感染确诊病例上升到5例，其中新南威尔士州4例，维多利亚州1例。 ​​​​,人民日报
新南威尔士州,136,2020-01-27 14:35:00,澳大利亚确诊第5例新型肺炎,澳大利亚新南威尔士州卫生部门确认了悉尼的一例新型冠状病毒感染的肺炎病例。最新的病例是一名21岁的中国女性，她上周从武汉飞抵悉尼，并在24小时内出现症状。至此，澳大利亚新型冠状病毒感染确诊病例上升到5例，其中新南威尔士州4例，维多利亚州1例。 ​​​​,人民日报
客运,137,2020-01-27 15:08:00,江苏省暂停省际道路客运交通,据江苏省交通运输厅消息，为防止疫情通过道路客运渠道传播，从2020年1月27日起，江苏除政府指令及疫情防控工作需要外，暂停所有进出江苏的省际班线客运和省际包车客运，恢复时间另行通知，已购买上述车票的乘客可到相应汽车客运站售票窗口或者利用“巴士管家”APP免费办理退票事宜。,财联社
省际,137,2020-01-27 15:08:00,江苏省暂停省际道路客运交通,据江苏省交通运输厅消息，为防止疫情通过道路客运渠道传播，从2020年1月27日起，江苏除政府指令及疫情防控工作需要外，暂停所有进出江苏的省际班线客运和省际包车客运，恢复时间另行通知，已购买上述车票的乘客可到相应汽车客运站售票窗口或者利用“巴士管家”APP免费办理退票事宜。,财联社
疫情,137,2020-01-27 15:08:00,江苏省暂停省际道路客运交通,据江苏省交通运输厅消息，为防止疫情通过道路客运渠道传播，从2020年1月27日起，江苏除政府指令及疫情防控工作需要外，暂停所有进出江苏的省际班线客运和省际包车客运，恢复时间另行通知，已购买上述车票的乘客可到相应汽车客运站售票窗口或者利用“巴士管家”APP免费办理退票事宜。,财联社
上海市,138,2020-01-27 15:11:00,上海2例新型冠状病毒感染的肺炎患者治愈出院,记者从上海市卫生健康委获悉，经上海市专家组会诊，上海2例新型冠状病毒感染的肺炎的患者于27日痊愈出院，这2例确诊患者是一对夫妻。,央视
患者,138,2020-01-27 15:11:00,上海2例新型冠状病毒感染的肺炎患者治愈出院,记者从上海市卫生健康委获悉，经上海市专家组会诊，上海2例新型冠状病毒感染的肺炎的患者于27日痊愈出院，这2例确诊患者是一对夫妻。,央视
冠状病毒,138,2020-01-27 15:11:00,上海2例新型冠状病毒感染的肺炎患者治愈出院,记者从上海市卫生健康委获悉，经上海市专家组会诊，上海2例新型冠状病毒感染的肺炎的患者于27日痊愈出院，这2例确诊患者是一对夫妻。,央视
人类史上,139,2020-01-27 15:32:00,武汉市长：只要有利于疫情控制，我们愿意革职以谢天下,27日，武汉市长周先旺在接受央视专访时表示，一个超千万人口的城市，采取封城、在人类史上是从没有过的，但是面对现在的情况，我们把门关了，有可能把疾病关在城内，在历史上我们都会留下骂名，但只要是有利于疾病的控制、有利于人民生命安全、马国强同志和我，承担什么责任都可以，因为关门，最后说要问责，说人民群众有意见，我们愿意革职以谢天下。,中新网
疾病,139,2020-01-27 15:32:00,武汉市长：只要有利于疫情控制，我们愿意革职以谢天下,27日，武汉市长周先旺在接受央视专访时表示，一个超千万人口的城市，采取封城、在人类史上是从没有过的，但是面对现在的情况，我们把门关了，有可能把疾病关在城内，在历史上我们都会留下骂名，但只要是有利于疾病的控制、有利于人民生命安全、马国强同志和我，承担什么责任都可以，因为关门，最后说要问责，说人民群众有意见，我们愿意革职以谢天下。,中新网
有利于,139,2020-01-27 15:32:00,武汉市长：只要有利于疫情控制，我们愿意革职以谢天下,27日，武汉市长周先旺在接受央视专访时表示，一个超千万人口的城市，采取封城、在人类史上是从没有过的，但是面对现在的情况，我们把门关了，有可能把疾病关在城内，在历史上我们都会留下骂名，但只要是有利于疾病的控制、有利于人民生命安全、马国强同志和我，承担什么责任都可以，因为关门，最后说要问责，说人民群众有意见，我们愿意革职以谢天下。,中新网
日照市,140,2020-01-27 16:40:00,山东首例新型冠状病毒感染的肺炎病例已临床治愈,山东省首例确诊病例已经临床治愈。患者为37岁男性，武汉人，在日照市工作。因发热等症状，于1月17日在日照市就诊，当晚自行至青岛市就诊。经省、市疾控部门检测，并经中国疾控中心复核，新型冠状病毒核酸检测结果为阳性。,新华社
就诊,140,2020-01-27 16:40:00,山东首例新型冠状病毒感染的肺炎病例已临床治愈,山东省首例确诊病例已经临床治愈。患者为37岁男性，武汉人，在日照市工作。因发热等症状，于1月17日在日照市就诊，当晚自行至青岛市就诊。经省、市疾控部门检测，并经中国疾控中心复核，新型冠状病毒核酸检测结果为阳性。,新华社
检测,140,2020-01-27 16:40:00,山东首例新型冠状病毒感染的肺炎病例已临床治愈,山东省首例确诊病例已经临床治愈。患者为37岁男性，武汉人，在日照市工作。因发热等症状，于1月17日在日照市就诊，当晚自行至青岛市就诊。经省、市疾控部门检测，并经中国疾控中心复核，新型冠状病毒核酸检测结果为阳性。,新华社
荆州市,141,2020-01-27 16:49:00,荆州首例重症患者治愈出院,患者此前在武汉华南海鲜批发市场从事搬运工作。1月7日因发热、头痛、乏力等症状，被转诊到荆州市胸科医院门诊确诊为新型冠状病毒感染的肺炎，经过对症治疗，于今天康复出院。 ​​​​,人民日报
冠状病毒,141,2020-01-27 16:49:00,荆州首例重症患者治愈出院,患者此前在武汉华南海鲜批发市场从事搬运工作。1月7日因发热、头痛、乏力等症状，被转诊到荆州市胸科医院门诊确诊为新型冠状病毒感染的肺炎，经过对症治疗，于今天康复出院。 ​​​​,人民日报
日因,141,2020-01-27 16:49:00,荆州首例重症患者治愈出院,患者此前在武汉华南海鲜批发市场从事搬运工作。1月7日因发热、头痛、乏力等症状，被转诊到荆州市胸科医院门诊确诊为新型冠状病毒感染的肺炎，经过对症治疗，于今天康复出院。 ​​​​,人民日报
医学观察,142,2020-01-27 18:15:00,辽宁累计确诊27例病例,截至今天15时30分，辽宁省累计报告新型冠状病毒感染的肺炎确诊病例27例，重症病例14例。目前累计追踪到密切接触者418人，已解除医学观察14人，现有404人正在接受医学观察。,央视
14,142,2020-01-27 18:15:00,辽宁累计确诊27例病例,截至今天15时30分，辽宁省累计报告新型冠状病毒感染的肺炎确诊病例27例，重症病例14例。目前累计追踪到密切接触者418人，已解除医学观察14人，现有404人正在接受医学观察。,央视
病例,142,2020-01-27 18:15:00,辽宁累计确诊27例病例,截至今天15时30分，辽宁省累计报告新型冠状病毒感染的肺炎确诊病例27例，重症病例14例。目前累计追踪到密切接触者418人，已解除医学观察14人，现有404人正在接受医学观察。,央视
12,143,2020-01-27 19:03:00,广东省报告新型冠状病毒感染的肺炎新增确诊病例5例,"截至1月27日12时，广东省累计报告新型冠状病毒感染的肺炎确诊病例151例。确诊病例中，广州41例、深圳36例、珠海12例、汕头2例、佛山14例、韶关4例、梅州3例、惠州8例、汕尾1例、东莞2例、中山5例、阳江8例、湛江5例、肇庆4例、清远3例、揭阳3例。
目前追踪到密切接触者804人，均在进行医学观察。",央视新闻
确诊,143,2020-01-27 19:03:00,广东省报告新型冠状病毒感染的肺炎新增确诊病例5例,"截至1月27日12时，广东省累计报告新型冠状病毒感染的肺炎确诊病例151例。确诊病例中，广州41例、深圳36例、珠海12例、汕头2例、佛山14例、韶关4例、梅州3例、惠州8例、汕尾1例、东莞2例、中山5例、阳江8例、湛江5例、肇庆4例、清远3例、揭阳3例。
目前追踪到密切接触者804人，均在进行医学观察。",央视新闻
病例,143,2020-01-27 19:03:00,广东省报告新型冠状病毒感染的肺炎新增确诊病例5例,"截至1月27日12时，广东省累计报告新型冠状病毒感染的肺炎确诊病例151例。确诊病例中，广州41例、深圳36例、珠海12例、汕头2例、佛山14例、韶关4例、梅州3例、惠州8例、汕尾1例、东莞2例、中山5例、阳江8例、湛江5例、肇庆4例、清远3例、揭阳3例。
目前追踪到密切接触者804人，均在进行医学观察。",央视新闻
医学观察,144,2020-01-27 20:32:00,天津新增4例新型冠状病毒感染的肺炎确诊病例,天津累计发现新型冠状病毒感染的肺炎病例22例，其中男性17例，女性5例；重症17例，轻症5例；无危重及死亡病例。追踪到密切接触者185例，其中已确诊5人，已解除医学观察2人，尚有178人正在接受医学观察。,天津日报
17,144,2020-01-27 20:32:00,天津新增4例新型冠状病毒感染的肺炎确诊病例,天津累计发现新型冠状病毒感染的肺炎病例22例，其中男性17例，女性5例；重症17例，轻症5例；无危重及死亡病例。追踪到密切接触者185例，其中已确诊5人，已解除医学观察2人，尚有178人正在接受医学观察。,天津日报
病例,144,2020-01-27 20:32:00,天津新增4例新型冠状病毒感染的肺炎确诊病例,天津累计发现新型冠状病毒感染的肺炎病例22例，其中男性17例，女性5例；重症17例，轻症5例；无危重及死亡病例。追踪到密切接触者185例，其中已确诊5人，已解除医学观察2人，尚有178人正在接受医学观察。,天津日报
出院,145,2020-01-27 20:59:00,深圳有一例确诊的新型冠状病毒感染的肺炎患者治愈出院,深圳有一例确诊的新型冠状病毒感染的肺炎患者治愈出院。据介绍，出院的是一名60多岁女子，这名治愈患者的出院流程严格按照省、市专家组会诊以后达到出院标准。此前，深圳已有两例确诊的患者治愈出院。,央视新闻
治愈,145,2020-01-27 20:59:00,深圳有一例确诊的新型冠状病毒感染的肺炎患者治愈出院,深圳有一例确诊的新型冠状病毒感染的肺炎患者治愈出院。据介绍，出院的是一名60多岁女子，这名治愈患者的出院流程严格按照省、市专家组会诊以后达到出院标准。此前，深圳已有两例确诊的患者治愈出院。,央视新闻
患者,145,2020-01-27 20:59:00,深圳有一例确诊的新型冠状病毒感染的肺炎患者治愈出院,深圳有一例确诊的新型冠状病毒感染的肺炎患者治愈出院。据介绍，出院的是一名60多岁女子，这名治愈患者的出院流程严格按照省、市专家组会诊以后达到出院标准。此前，深圳已有两例确诊的患者治愈出院。,央视新闻
捐赠,146,2020-01-27 22:13:00,武汉市委书记：红十字会接受捐赠收手续费不属实,武汉市委书记马国强表示：“如何解决捐赠物资公开透明的问题，我们强调所有捐赠的物资一定要通过红十字会，它的目的就是要让我们捐赠者、捐赠的东西能够及时准确登记在案，捐赠的物资、资金的使用能够登记在案。”,央视新闻
物资,146,2020-01-27 22:13:00,武汉市委书记：红十字会接受捐赠收手续费不属实,武汉市委书记马国强表示：“如何解决捐赠物资公开透明的问题，我们强调所有捐赠的物资一定要通过红十字会，它的目的就是要让我们捐赠者、捐赠的东西能够及时准确登记在案，捐赠的物资、资金的使用能够登记在案。”,央视新闻
在案,146,2020-01-27 22:13:00,武汉市委书记：红十字会接受捐赠收手续费不属实,武汉市委书记马国强表示：“如何解决捐赠物资公开透明的问题，我们强调所有捐赠的物资一定要通过红十字会，它的目的就是要让我们捐赠者、捐赠的东西能够及时准确登记在案，捐赠的物资、资金的使用能够登记在案。”,央视新闻
厄瓜多尔,147,2020-01-28 01:30:00,厄瓜多尔发现一例新型冠状病毒感染的肺炎疑似病例,当地时间26日晚，厄瓜多尔卫生部发表声明称，厄瓜多尔发现一例新型冠状病毒感染的肺炎疑似病例，目前，相关部门正在展开研究进行确诊。患者为中国公民，今年49岁，长住福建省福清市，本月21日从香港飞往基多。,央视新闻
疑似病例,147,2020-01-28 01:30:00,厄瓜多尔发现一例新型冠状病毒感染的肺炎疑似病例,当地时间26日晚，厄瓜多尔卫生部发表声明称，厄瓜多尔发现一例新型冠状病毒感染的肺炎疑似病例，目前，相关部门正在展开研究进行确诊。患者为中国公民，今年49岁，长住福建省福清市，本月21日从香港飞往基多。,央视新闻
福清市,147,2020-01-28 01:30:00,厄瓜多尔发现一例新型冠状病毒感染的肺炎疑似病例,当地时间26日晚，厄瓜多尔卫生部发表声明称，厄瓜多尔发现一例新型冠状病毒感染的肺炎疑似病例，目前，相关部门正在展开研究进行确诊。患者为中国公民，今年49岁，长住福建省福清市，本月21日从香港飞往基多。,央视新闻
24,148,2020-01-28 03:30:00,江西新增确诊病例24例,2020年1月27日0-24时，江西省报告新型冠状病毒感染的肺炎新增确诊病例24例，治愈出院病例2例。,江西卫健委
病例,148,2020-01-28 03:30:00,江西新增确诊病例24例,2020年1月27日0-24时，江西省报告新型冠状病毒感染的肺炎新增确诊病例24例，治愈出院病例2例。,江西卫健委
冠状病毒,148,2020-01-28 03:30:00,江西新增确诊病例24例,2020年1月27日0-24时，江西省报告新型冠状病毒感染的肺炎新增确诊病例24例，治愈出院病例2例。,江西卫健委
巴伐利亚州,149,2020-01-28 07:13:00,德国确诊第一例新型冠状病毒患者,德国当地时间28日凌晨，德国“明镜在线”发布快讯，称德国确诊第一例新型冠状病毒患者。该名患者位于德国南部巴伐利亚州。巴伐利亚州卫生部发言人于当地时间27日夜间发布公告，确认一名男子已感染新型冠状病。,人民日报
德国,149,2020-01-28 07:13:00,德国确诊第一例新型冠状病毒患者,德国当地时间28日凌晨，德国“明镜在线”发布快讯，称德国确诊第一例新型冠状病毒患者。该名患者位于德国南部巴伐利亚州。巴伐利亚州卫生部发言人于当地时间27日夜间发布公告，确认一名男子已感染新型冠状病。,人民日报
新型,149,2020-01-28 07:13:00,德国确诊第一例新型冠状病毒患者,德国当地时间28日凌晨，德国“明镜在线”发布快讯，称德国确诊第一例新型冠状病毒患者。该名患者位于德国南部巴伐利亚州。巴伐利亚州卫生部发言人于当地时间27日夜间发布公告，确认一名男子已感染新型冠状病。,人民日报
多伦多,150,2020-01-28 07:28:00,加拿大确诊第二例新型冠状病毒肺炎病例：为首名患者妻子,当地时间1月27日清晨，加拿大安大略省卫生官宣布安省确诊第二例新型冠状病毒感染肺炎病例，患者是安省首名确诊患者的妻子。这对夫妇于1月22日乘南航CZ311航班返回多伦多，50多岁的丈夫在飞机上即出现轻微症状，目前在多伦多新宁医院接受治疗，情况稳定。他的妻子在抵达多伦多后就开始自我隔离。安省卫生官说，他们也在查找与患者夫妻所乘飞机座位邻近的其他乘客。,中国日报
患者,150,2020-01-28 07:28:00,加拿大确诊第二例新型冠状病毒肺炎病例：为首名患者妻子,当地时间1月27日清晨，加拿大安大略省卫生官宣布安省确诊第二例新型冠状病毒感染肺炎病例，患者是安省首名确诊患者的妻子。这对夫妇于1月22日乘南航CZ311航班返回多伦多，50多岁的丈夫在飞机上即出现轻微症状，目前在多伦多新宁医院接受治疗，情况稳定。他的妻子在抵达多伦多后就开始自我隔离。安省卫生官说，他们也在查找与患者夫妻所乘飞机座位邻近的其他乘客。,中国日报
确诊,150,2020-01-28 07:28:00,加拿大确诊第二例新型冠状病毒肺炎病例：为首名患者妻子,当地时间1月27日清晨，加拿大安大略省卫生官宣布安省确诊第二例新型冠状病毒感染肺炎病例，患者是安省首名确诊患者的妻子。这对夫妇于1月22日乘南航CZ311航班返回多伦多，50多岁的丈夫在飞机上即出现轻微症状，目前在多伦多新宁医院接受治疗，情况稳定。他的妻子在抵达多伦多后就开始自我隔离。安省卫生官说，他们也在查找与患者夫妻所乘飞机座位邻近的其他乘客。,中国日报
500,151,2020-01-28 07:56:00,天津市启动战时机制 成立疫情医疗救治总医院,记者从天津市卫生健康委获悉，天津市将启动战时机制成立疫情医疗救治总医院。该院将由市卫生健康委主要负责人任院长，47家发热门诊定点及相关机构负责人任分院院长，以病区为单位建立500个战斗方阵，组建500个医护战斗小队，实行军事化管理。,天津日报
天津市,151,2020-01-28 07:56:00,天津市启动战时机制 成立疫情医疗救治总医院,记者从天津市卫生健康委获悉，天津市将启动战时机制成立疫情医疗救治总医院。该院将由市卫生健康委主要负责人任院长，47家发热门诊定点及相关机构负责人任分院院长，以病区为单位建立500个战斗方阵，组建500个医护战斗小队，实行军事化管理。,天津日报
卫生,151,2020-01-28 07:56:00,天津市启动战时机制 成立疫情医疗救治总医院,记者从天津市卫生健康委获悉，天津市将启动战时机制成立疫情医疗救治总医院。该院将由市卫生健康委主要负责人任院长，47家发热门诊定点及相关机构负责人任分院院长，以病区为单位建立500个战斗方阵，组建500个医护战斗小队，实行军事化管理。,天津日报
27,152,2020-01-28 08:08:00,上海新增13例新型冠状病毒感染的肺炎确诊病例,"2020年1月27日0—24时，上海市新增新型冠状病毒感染的肺炎确诊病例13例。
截至1月27日24时，上海市累计发现确诊病例66例，其中，男性35例，女性31例；年龄最大88岁，最小7岁。",上海市卫健委
24,152,2020-01-28 08:08:00,上海新增13例新型冠状病毒感染的肺炎确诊病例,"2020年1月27日0—24时，上海市新增新型冠状病毒感染的肺炎确诊病例13例。
截至1月27日24时，上海市累计发现确诊病例66例，其中，男性35例，女性31例；年龄最大88岁，最小7岁。",上海市卫健委
确诊,152,2020-01-28 08:08:00,上海新增13例新型冠状病毒感染的肺炎确诊病例,"2020年1月27日0—24时，上海市新增新型冠状病毒感染的肺炎确诊病例13例。
截至1月27日24时，上海市累计发现确诊病例66例，其中，男性35例，女性31例；年龄最大88岁，最小7岁。",上海市卫健委
医学观察,153,2020-01-28 08:20:00,新增40例！河南新型冠状病毒肺炎累计确诊病例168例,河南省卫健委：2020年1月27日0-24时，12市（县）报告新型冠状病毒感染的肺炎新增确诊病例40例，新增重症病例11例、危重2例。目前追踪到密切接触者2225人，已解除医学观察164人，诊断为疑似100人，尚有1961人正在接受医学观察。,河南省卫健委
病例,153,2020-01-28 08:20:00,新增40例！河南新型冠状病毒肺炎累计确诊病例168例,河南省卫健委：2020年1月27日0-24时，12市（县）报告新型冠状病毒感染的肺炎新增确诊病例40例，新增重症病例11例、危重2例。目前追踪到密切接触者2225人，已解除医学观察164人，诊断为疑似100人，尚有1961人正在接受医学观察。,河南省卫健委
冠状病毒,153,2020-01-28 08:20:00,新增40例！河南新型冠状病毒肺炎累计确诊病例168例,河南省卫健委：2020年1月27日0-24时，12市（县）报告新型冠状病毒感染的肺炎新增确诊病例40例，新增重症病例11例、危重2例。目前追踪到密切接触者2225人，已解除医学观察164人，诊断为疑似100人，尚有1961人正在接受医学观察。,河南省卫健委
24,154,2020-01-28 09:00:00,湖北新冠肺炎昨日新增1291例，累计确诊2714例，死亡100例,27日0时-24时，湖北省新增新型冠状病毒感染的肺炎病例1291例，新增死亡24例。湖北省已累计报告2714例。,湖北卫健委
湖北省,154,2020-01-28 09:00:00,湖北新冠肺炎昨日新增1291例，累计确诊2714例，死亡100例,27日0时-24时，湖北省新增新型冠状病毒感染的肺炎病例1291例，新增死亡24例。湖北省已累计报告2714例。,湖北卫健委
冠状病毒,154,2020-01-28 09:00:00,湖北新冠肺炎昨日新增1291例，累计确诊2714例，死亡100例,27日0时-24时，湖北省新增新型冠状病毒感染的肺炎病例1291例，新增死亡24例。湖北省已累计报告2714例。,湖北卫健委
杨军,155,2020-01-28 10:00:00,北京首例新冠病毒致死案例年仅50岁 系原天合光能副总裁杨军,1月28日消息，21世纪经济报道记者获悉，北京首例因新冠病毒致死案例系原天合光能副总裁、中国商用价值群执行总裁杨军，年仅50岁。杨军生前任职上海电气电站工程设计公司。,21世纪经济报道
28,155,2020-01-28 10:00:00,北京首例新冠病毒致死案例年仅50岁 系原天合光能副总裁杨军,1月28日消息，21世纪经济报道记者获悉，北京首例因新冠病毒致死案例系原天合光能副总裁、中国商用价值群执行总裁杨军，年仅50岁。杨军生前任职上海电气电站工程设计公司。,21世纪经济报道
21,155,2020-01-28 10:00:00,北京首例新冠病毒致死案例年仅50岁 系原天合光能副总裁杨军,1月28日消息，21世纪经济报道记者获悉，北京首例因新冠病毒致死案例系原天合光能副总裁、中国商用价值群执行总裁杨军，年仅50岁。杨军生前任职上海电气电站工程设计公司。,21世纪经济报道
冠状病毒,156,2020-01-28 10:07:00,新冠肺炎第四版诊疗方案公布：新型冠状病毒可通过接触传播,第四版诊疗方案公布：新型冠状病毒可通过接触传播；潜伏期一般3-7天，最长不超过14天；儿童及婴幼儿也有发病。,健康中国
14,156,2020-01-28 10:07:00,新冠肺炎第四版诊疗方案公布：新型冠状病毒可通过接触传播,第四版诊疗方案公布：新型冠状病毒可通过接触传播；潜伏期一般3-7天，最长不超过14天；儿童及婴幼儿也有发病。,健康中国
第四版,156,2020-01-28 10:07:00,新冠肺炎第四版诊疗方案公布：新型冠状病毒可通过接触传播,第四版诊疗方案公布：新型冠状病毒可通过接触传播；潜伏期一般3-7天，最长不超过14天；儿童及婴幼儿也有发病。,健康中国
医疗队,157,2020-01-28 11:30:00,国家卫健委：各省市区目前已有4130人的医疗队支援湖北。,国家卫生健康委医政医管局副局长 焦雅辉：按照党中央国务院的部署，认真做好疫情的防控工作。据统计，1月24日第一批从上海和广东派出了医疗队赶赴武汉，到目前已经有30支医疗队，共是4130人已经到达了湖北在开展工作。,央视新闻
委医政,157,2020-01-28 11:30:00,国家卫健委：各省市区目前已有4130人的医疗队支援湖北。,国家卫生健康委医政医管局副局长 焦雅辉：按照党中央国务院的部署，认真做好疫情的防控工作。据统计，1月24日第一批从上海和广东派出了医疗队赶赴武汉，到目前已经有30支医疗队，共是4130人已经到达了湖北在开展工作。,央视新闻
医管局,157,2020-01-28 11:30:00,国家卫健委：各省市区目前已有4130人的医疗队支援湖北。,国家卫生健康委医政医管局副局长 焦雅辉：按照党中央国务院的部署，认真做好疫情的防控工作。据统计，1月24日第一批从上海和广东派出了医疗队赶赴武汉，到目前已经有30支医疗队，共是4130人已经到达了湖北在开展工作。,央视新闻
10,158,2020-01-28 14:10:00,网传新冠肺炎感染病例10万例左右？国家卫健委回应,1月28日，国家卫健委召开新闻发布会，有记者提问，网传现在新型冠状病毒感染的病例在10万例左右，但卫健委的官方数据为4000多例，如何保证数据的准确性？国家医疗专家组成员、北京地坛医院感染性疾病诊疗与研究中心首席专家李兴旺回应：“从目前报告数据讲，头一次听说你说的10万这个数字，我们的数据每天都在实时更新，如实向全球和全国公开。”,北京头条
数据,158,2020-01-28 14:10:00,网传新冠肺炎感染病例10万例左右？国家卫健委回应,1月28日，国家卫健委召开新闻发布会，有记者提问，网传现在新型冠状病毒感染的病例在10万例左右，但卫健委的官方数据为4000多例，如何保证数据的准确性？国家医疗专家组成员、北京地坛医院感染性疾病诊疗与研究中心首席专家李兴旺回应：“从目前报告数据讲，头一次听说你说的10万这个数字，我们的数据每天都在实时更新，如实向全球和全国公开。”,北京头条
保证数据,158,2020-01-28 14:10:00,网传新冠肺炎感染病例10万例左右？国家卫健委回应,1月28日，国家卫健委召开新闻发布会，有记者提问，网传现在新型冠状病毒感染的病例在10万例左右，但卫健委的官方数据为4000多例，如何保证数据的准确性？国家医疗专家组成员、北京地坛医院感染性疾病诊疗与研究中心首席专家李兴旺回应：“从目前报告数据讲，头一次听说你说的10万这个数字，我们的数据每天都在实时更新，如实向全球和全国公开。”,北京头条
大分市,159,2020-01-28 15:05:00,日本友好城市给武汉捐3万个口罩 箱子上用中文写“武汉加油”,日本大分市27日，向武汉市捐赠了3万枚口罩。大分市和武汉市是友好城市，大分市负责人称：“即使尽到一点帮助，我们就高兴了。”纸箱上还贴着写着中文“武汉加油”的便签纸。,海外网
武汉市,159,2020-01-28 15:05:00,日本友好城市给武汉捐3万个口罩 箱子上用中文写“武汉加油”,日本大分市27日，向武汉市捐赠了3万枚口罩。大分市和武汉市是友好城市，大分市负责人称：“即使尽到一点帮助，我们就高兴了。”纸箱上还贴着写着中文“武汉加油”的便签纸。,海外网
便签,159,2020-01-28 15:05:00,日本友好城市给武汉捐3万个口罩 箱子上用中文写“武汉加油”,日本大分市27日，向武汉市捐赠了3万枚口罩。大分市和武汉市是友好城市，大分市负责人称：“即使尽到一点帮助，我们就高兴了。”纸箱上还贴着写着中文“武汉加油”的便签纸。,海外网
记者会,160,2020-01-28 14:20:00,环球社评：对敢上记者会的湖北官员，批评但不谩骂,环球社评：我们认为记者会的宗旨还是要公开信息、坦诚交流，让重大信息为公众所知，而不是设计一场完美的表演。那么就要允许口误和出差错。出了差错下一次通报改过来就是了。如果舆论逮住记者会上的一个差错就穷追没打，就可能把接下来要搞记者会的同志给吓回去。,环球网
差错,160,2020-01-28 14:20:00,环球社评：对敢上记者会的湖北官员，批评但不谩骂,环球社评：我们认为记者会的宗旨还是要公开信息、坦诚交流，让重大信息为公众所知，而不是设计一场完美的表演。那么就要允许口误和出差错。出了差错下一次通报改过来就是了。如果舆论逮住记者会上的一个差错就穷追没打，就可能把接下来要搞记者会的同志给吓回去。,环球网
社评,160,2020-01-28 14:20:00,环球社评：对敢上记者会的湖北官员，批评但不谩骂,环球社评：我们认为记者会的宗旨还是要公开信息、坦诚交流，让重大信息为公众所知，而不是设计一场完美的表演。那么就要允许口误和出差错。出了差错下一次通报改过来就是了。如果舆论逮住记者会上的一个差错就穷追没打，就可能把接下来要搞记者会的同志给吓回去。,环球网
重庆,161,2020-01-28 15:00:00,香港传染病专家：模型警示需关注重庆疫情,1月27日，香港大学李嘉诚医学院院长梁卓伟在最新疫情预测记者会上表示，在北上广深和重庆这五大内地城市群中，由于重庆和武汉交通往来频密，若不考虑除武汉“封城”外的其他公共卫生干预政策，重庆或将成为下一个疫情严重的城市。,财新网
疫情,161,2020-01-28 15:00:00,香港传染病专家：模型警示需关注重庆疫情,1月27日，香港大学李嘉诚医学院院长梁卓伟在最新疫情预测记者会上表示，在北上广深和重庆这五大内地城市群中，由于重庆和武汉交通往来频密，若不考虑除武汉“封城”外的其他公共卫生干预政策，重庆或将成为下一个疫情严重的城市。,财新网
武汉,161,2020-01-28 15:00:00,香港传染病专家：模型警示需关注重庆疫情,1月27日，香港大学李嘉诚医学院院长梁卓伟在最新疫情预测记者会上表示，在北上广深和重庆这五大内地城市群中，由于重庆和武汉交通往来频密，若不考虑除武汉“封城”外的其他公共卫生干预政策，重庆或将成为下一个疫情严重的城市。,财新网
武汉,162,2020-01-28 14:40:00,日本外相：今晚派包机赴武汉，明早接回约200名日侨,日本外相茂木敏充28日向媒体表示，为了接回滞留在发生新型肺炎疫情的中国武汉的日侨，当晚将派1架包机前往当地。他还透露预计29日上午从武汉出发，中午12点前抵达东京羽田机场。据称，预定约有200人搭乘。,界面新闻
日侨,162,2020-01-28 14:40:00,日本外相：今晚派包机赴武汉，明早接回约200名日侨,日本外相茂木敏充28日向媒体表示，为了接回滞留在发生新型肺炎疫情的中国武汉的日侨，当晚将派1架包机前往当地。他还透露预计29日上午从武汉出发，中午12点前抵达东京羽田机场。据称，预定约有200人搭乘。,界面新闻
茂木敏充,162,2020-01-28 14:40:00,日本外相：今晚派包机赴武汉，明早接回约200名日侨,日本外相茂木敏充28日向媒体表示，为了接回滞留在发生新型肺炎疫情的中国武汉的日侨，当晚将派1架包机前往当地。他还透露预计29日上午从武汉出发，中午12点前抵达东京羽田机场。据称，预定约有200人搭乘。,界面新闻
28,163,2020-01-28 15:53:00,北京：新增11例新型冠状病毒感染的肺炎病例，累计确诊91例,1月27日20时至28日12时，北京市新增11例新型冠状病毒感染的肺炎病例，其中5例有湖北接触史，7例为此前确诊病例的密切接触者，均已送至市级定点医疗机构进行救治。截至1月28日12时，北京市累计确诊病例91例。,央视新闻
12,163,2020-01-28 15:53:00,北京：新增11例新型冠状病毒感染的肺炎病例，累计确诊91例,1月27日20时至28日12时，北京市新增11例新型冠状病毒感染的肺炎病例，其中5例有湖北接触史，7例为此前确诊病例的密切接触者，均已送至市级定点医疗机构进行救治。截至1月28日12时，北京市累计确诊病例91例。,央视新闻
病例,163,2020-01-28 15:53:00,北京：新增11例新型冠状病毒感染的肺炎病例，累计确诊91例,1月27日20时至28日12时，北京市新增11例新型冠状病毒感染的肺炎病例，其中5例有湖北接触史，7例为此前确诊病例的密切接触者，均已送至市级定点医疗机构进行救治。截至1月28日12时，北京市累计确诊病例91例。,央视新闻
出院,164,2020-01-28 16:20:00,广西梧州首例新型冠状病毒感染的肺炎确诊患者治愈出院,今天（28日）下午，从广西梧州市第三人民医院传来好消息：经医护人员精心诊治和护理，该院收治的一名新型冠状病毒感染的肺炎患者李某救治情况良好，符合出院标准，于当天下午出院。,央视新闻
冠状病毒,164,2020-01-28 16:20:00,广西梧州首例新型冠状病毒感染的肺炎确诊患者治愈出院,今天（28日）下午，从广西梧州市第三人民医院传来好消息：经医护人员精心诊治和护理，该院收治的一名新型冠状病毒感染的肺炎患者李某救治情况良好，符合出院标准，于当天下午出院。,央视新闻
28,164,2020-01-28 16:20:00,广西梧州首例新型冠状病毒感染的肺炎确诊患者治愈出院,今天（28日）下午，从广西梧州市第三人民医院传来好消息：经医护人员精心诊治和护理，该院收治的一名新型冠状病毒感染的肺炎患者李某救治情况良好，符合出院标准，于当天下午出院。,央视新闻
出院,165,2020-01-28 18:03:00,广西2例新型冠状病毒感染的肺炎确诊患者治愈出院,广西2例新型冠状病毒感染的肺炎确诊病例患者治愈出院。两位患者经过当地医院精心诊治和护理，病情好转，无身体不适，无发烧已3天以上，经两次核酸检测均为阴性，于1月28日下午出院。,广西卫健委
患者,165,2020-01-28 18:03:00,广西2例新型冠状病毒感染的肺炎确诊患者治愈出院,广西2例新型冠状病毒感染的肺炎确诊病例患者治愈出院。两位患者经过当地医院精心诊治和护理，病情好转，无身体不适，无发烧已3天以上，经两次核酸检测均为阴性，于1月28日下午出院。,广西卫健委
冠状病毒,165,2020-01-28 18:03:00,广西2例新型冠状病毒感染的肺炎确诊患者治愈出院,广西2例新型冠状病毒感染的肺炎确诊病例患者治愈出院。两位患者经过当地医院精心诊治和护理，病情好转，无身体不适，无发烧已3天以上，经两次核酸检测均为阴性，于1月28日下午出院。,广西卫健委
肺炎,166,2020-01-28 19:59:00,日本确诊第7例新冠肺炎病例，系在北海道旅游的武汉女性,日本放送协会（NHK）刚刚援引日本厚生劳动省消息称，一名在北海道旅游的40多岁女性在28日被确诊感染新冠肺炎，系日本出现的第7例新冠肺炎病例。,环球网
日本,166,2020-01-28 19:59:00,日本确诊第7例新冠肺炎病例，系在北海道旅游的武汉女性,日本放送协会（NHK）刚刚援引日本厚生劳动省消息称，一名在北海道旅游的40多岁女性在28日被确诊感染新冠肺炎，系日本出现的第7例新冠肺炎病例。,环球网
放送,166,2020-01-28 19:59:00,日本确诊第7例新冠肺炎病例，系在北海道旅游的武汉女性,日本放送协会（NHK）刚刚援引日本厚生劳动省消息称，一名在北海道旅游的40多岁女性在28日被确诊感染新冠肺炎，系日本出现的第7例新冠肺炎病例。,环球网
出院,167,2020-01-27 21:01:00,北京市治愈两例新冠病毒患者,北京市2名在解放军总医院第五医学中心救治的新型冠状病毒感染的肺炎患者，经专家组会诊，达到出院标准，于今天（28日）痊愈出院。,央视新闻
解放军总医院,167,2020-01-27 21:01:00,北京市治愈两例新冠病毒患者,北京市2名在解放军总医院第五医学中心救治的新型冠状病毒感染的肺炎患者，经专家组会诊，达到出院标准，于今天（28日）痊愈出院。,央视新闻
冠状病毒,167,2020-01-27 21:01:00,北京市治愈两例新冠病毒患者,北京市2名在解放军总医院第五医学中心救治的新型冠状病毒感染的肺炎患者，经专家组会诊，达到出院标准，于今天（28日）痊愈出院。,央视新闻
齐齐哈尔市,168,2020-01-28 22:54:00,黑龙江28日最新通报：新增1例新型冠状病毒感染的肺炎确诊病例,记者从齐齐哈尔市卫健部门获悉，截至2020年1月28日21：00，齐齐哈尔市新增确诊病例1例，排除疑似病例1例。,央视新闻
疑似病例,168,2020-01-28 22:54:00,黑龙江28日最新通报：新增1例新型冠状病毒感染的肺炎确诊病例,记者从齐齐哈尔市卫健部门获悉，截至2020年1月28日21：00，齐齐哈尔市新增确诊病例1例，排除疑似病例1例。,央视新闻
卫健,168,2020-01-28 22:54:00,黑龙江28日最新通报：新增1例新型冠状病毒感染的肺炎确诊病例,记者从齐齐哈尔市卫健部门获悉，截至2020年1月28日21：00，齐齐哈尔市新增确诊病例1例，排除疑似病例1例。,央视新闻
病例,169,2020-01-29 01:58:00,江西新增37例新型冠状病毒感染的肺炎确诊病例,"2020年1月28日0-24时，江西省报告新型冠状病毒感染的肺炎新增确诊病例37例，新增出院病例1例。

　　新增确诊病例中，南昌市8例、新余市8例、九江市7例、赣州市6例、宜春市4例、上饶市2例、吉安市1例、抚州市1例。新增出院病例为新余市1例。",江西卫健委
新增,169,2020-01-29 01:58:00,江西新增37例新型冠状病毒感染的肺炎确诊病例,"2020年1月28日0-24时，江西省报告新型冠状病毒感染的肺炎新增确诊病例37例，新增出院病例1例。

　　新增确诊病例中，南昌市8例、新余市8例、九江市7例、赣州市6例、宜春市4例、上饶市2例、吉安市1例、抚州市1例。新增出院病例为新余市1例。",江西卫健委
新余市,169,2020-01-29 01:58:00,江西新增37例新型冠状病毒感染的肺炎确诊病例,"2020年1月28日0-24时，江西省报告新型冠状病毒感染的肺炎新增确诊病例37例，新增出院病例1例。

　　新增确诊病例中，南昌市8例、新余市8例、九江市7例、赣州市6例、宜春市4例、上饶市2例、吉安市1例、抚州市1例。新增出院病例为新余市1例。",江西卫健委
